aptNm,sggCd,regionName,umdNm,jibun,dealYear,dealMonth,dealDay,dealDate,dealAmount,excluUseAr,areaType,floor,buildYear,dealType,cdealDay,cdealType,source_file,source_row,source_no,source_sha256,building,registrationDate,id,updated_at,cancelled,duplicate_count,is_sk,price,month,floor_tier,cell,days
매교역푸르지오SKVIEW,41115,수원시 팔달구,매교동,300,2024,02,04,2024-02-04,90000,84.97,84타입,10.0,2023,중개거래,,,아파트(매매)_실거래가_20260906192327.csv,1402,1402,a316a684635eb2cc4ddd9986a0a0dfc5a9bb77533db71d279d94f9e640101229,107,24.08.02,csv:a316a684635eb2cc4ddd9986a0a0dfc5a9bb77533db71d279d94f9e640101229:1402,,False,1,1,9.0,2024-02,6–15층,2024-02 / 6–15층,0
매교역푸르지오SKVIEW,41115,수원시 팔달구,매교동,300,2024,02,06,2024-02-06,93000,84.97,84타입,11.0,2023,중개거래,,,아파트(매매)_실거래가_20260906192327.csv,1394,1394,a316a684635eb2cc4ddd9986a0a0dfc5a9bb77533db71d279d94f9e640101229,126,24.09.05,csv:a316a684635eb2cc4ddd9986a0a0dfc5a9bb77533db71d279d94f9e640101229:1394,,False,1,1,9.3,2024-02,6–15층,2024-02 / 6–15층,2
매교역푸르지오SKVIEW,41115,수원시 팔달구,매교동,300,2024,04,07,2024-04-07,95000,84.97,84타입,16.0,2023,중개거래,,,아파트(매매)_실거래가_20260906192327.csv,1197,1197,a316a684635eb2cc4ddd9986a0a0dfc5a9bb77533db71d279d94f9e640101229,114,24.09.10,csv:a316a684635eb2cc4ddd9986a0a0dfc5a9bb77533db71d279d94f9e640101229:1197,,False,1,1,9.5,2024-04,16층 이상,2024-04 / 16층 이상,63
매교역푸르지오SKVIEW,41115,수원시 팔달구,매교동,300,2024,04,13,2024-04-13,93000,84.97,84타입,8.0,2023,중개거래,,,아파트(매매)_실거래가_20260906192327.csv,1168,1168,a316a684635eb2cc4ddd9986a0a0dfc5a9bb77533db71d279d94f9e640101229,136,24.10.04,csv:a316a684635eb2cc4ddd9986a0a0dfc5a9bb77533db71d279d94f9e640101229:1168,,False,1,1,9.3,2024-04,6–15층,2024-04 / 6–15층,69
매교역푸르지오SKVIEW,41115,수원시 팔달구,매교동,300,2024,04,26,2024-04-26,88800,84.97,84타입,3.0,2023,중개거래,,,아파트(매매)_실거래가_20260906192327.csv,1112,1112,a316a684635eb2cc4ddd9986a0a0dfc5a9bb77533db71d279d94f9e640101229,128,24.09.05,csv:a316a684635eb2cc4ddd9986a0a0dfc5a9bb77533db71d279d94f9e640101229:1112,,False,1,1,8.88,2024-04,1–5층,2024-04 / 1–5층,82
매교역푸르지오SKVIEW,41115,수원시 팔달구,매교동,300,2024,05,07,2024-05-07,95000,84.97,84타입,11.0,2023,중개거래,,,아파트(매매)_실거래가_20260906192327.csv,1068,1068,a316a684635eb2cc4ddd9986a0a0dfc5a9bb77533db71d279d94f9e640101229,103,24.08.20,csv:a316a684635eb2cc4ddd9986a0a0dfc5a9bb77533db71d279d94f9e640101229:1068,,False,1,1,9.5,2024-05,6–15층,2024-05 / 6–15층,93
매교역푸르지오SKVIEW,41115,수원시 팔달구,매교동,300,2024,05,10,2024-05-10,96700,84.97,84타입,5.0,2023,중개거래,,,아파트(매매)_실거래가_20260906192327.csv,1060,1060,a316a684635eb2cc4ddd9986a0a0dfc5a9bb77533db71d279d94f9e640101229,152,24.06.07,csv:a316a684635eb2cc4ddd9986a0a0dfc5a9bb77533db71d279d94f9e640101229:1060,,False,1,1,9.67,2024-05,1–5층,2024-05 / 1–5층,96
매교역푸르지오SKVIEW,41115,수원시 팔달구,매교동,300,2024,05,17,2024-05-17,91500,84.97,84타입,4.0,2023,중개거래,,,아파트(매매)_실거래가_20260906192327.csv,1030,1030,a316a684635eb2cc4ddd9986a0a0dfc5a9bb77533db71d279d94f9e640101229,126,24.09.27,csv:a316a684635eb2cc4ddd9986a0a0dfc5a9bb77533db71d279d94f9e640101229:1030,,False,1,1,9.15,2024-05,1–5층,2024-05 / 1–5층,103
매교역푸르지오SKVIEW,41115,수원시 팔달구,매교동,300,2024,06,01,2024-06-01,93000,84.97,84타입,8.0,2023,중개거래,,,아파트(매매)_실거래가_20260906192327.csv,963,963,a316a684635eb2cc4ddd9986a0a0dfc5a9bb77533db71d279d94f9e640101229,103,24.09.09,csv:a316a684635eb2cc4ddd9986a0a0dfc5a9bb77533db71d279d94f9e640101229:963,,False,1,1,9.3,2024-06,6–15층,2024-06 / 6–15층,118
매교역푸르지오SKVIEW,41115,수원시 팔달구,매교동,300,2024,06,01,2024-06-01,94000,84.97,84타입,10.0,2023,중개거래,,,아파트(매매)_실거래가_20260906192327.csv,968,968,a316a684635eb2cc4ddd9986a0a0dfc5a9bb77533db71d279d94f9e640101229,135,24.09.11,csv:a316a684635eb2cc4ddd9986a0a0dfc5a9bb77533db71d279d94f9e640101229:968,,False,1,1,9.4,2024-06,6–15층,2024-06 / 6–15층,118
매교역푸르지오SKVIEW,41115,수원시 팔달구,매교동,300,2024,06,06,2024-06-06,89500,84.97,84타입,14.0,2023,중개거래,,,아파트(매매)_실거래가_20260906192327.csv,943,943,a316a684635eb2cc4ddd9986a0a0dfc5a9bb77533db71d279d94f9e640101229,128,24.08.30,csv:a316a684635eb2cc4ddd9986a0a0dfc5a9bb77533db71d279d94f9e640101229:943,,False,1,1,8.95,2024-06,6–15층,2024-06 / 6–15층,123
매교역푸르지오SKVIEW,41115,수원시 팔달구,매교동,300,2024,06,09,2024-06-09,93500,84.97,84타입,6.0,2023,중개거래,,,아파트(매매)_실거래가_20260906192327.csv,925,925,a316a684635eb2cc4ddd9986a0a0dfc5a9bb77533db71d279d94f9e640101229,133,24.08.30,csv:a316a684635eb2cc4ddd9986a0a0dfc5a9bb77533db71d279d94f9e640101229:925,,False,1,1,9.35,2024-06,6–15층,2024-06 / 6–15층,126
매교역푸르지오SKVIEW,41115,수원시 팔달구,매교동,300,2024,06,12,2024-06-12,89800,84.97,84타입,3.0,2023,중개거래,,,아파트(매매)_실거래가_20260906192327.csv,919,919,a316a684635eb2cc4ddd9986a0a0dfc5a9bb77533db71d279d94f9e640101229,139,24.09.02,csv:a316a684635eb2cc4ddd9986a0a0dfc5a9bb77533db71d279d94f9e640101229:919,,False,1,1,8.98,2024-06,1–5층,2024-06 / 1–5층,129
매교역푸르지오SKVIEW,41115,수원시 팔달구,매교동,300,2024,06,20,2024-06-20,94000,84.97,84타입,14.0,2023,중개거래,,,아파트(매매)_실거래가_20260906192327.csv,880,880,a316a684635eb2cc4ddd9986a0a0dfc5a9bb77533db71d279d94f9e640101229,128,24.09.10,csv:a316a684635eb2cc4ddd9986a0a0dfc5a9bb77533db71d279d94f9e640101229:880,,False,1,1,9.4,2024-06,6–15층,2024-06 / 6–15층,137
매교역푸르지오SKVIEW,41115,수원시 팔달구,매교동,300,2024,06,22,2024-06-22,94000,84.97,84타입,13.0,2023,중개거래,,,아파트(매매)_실거래가_20260906192327.csv,863,863,a316a684635eb2cc4ddd9986a0a0dfc5a9bb77533db71d279d94f9e640101229,139,24.09.02,csv:a316a684635eb2cc4ddd9986a0a0dfc5a9bb77533db71d279d94f9e640101229:863,,False,1,1,9.4,2024-06,6–15층,2024-06 / 6–15층,139
매교역푸르지오SKVIEW,41115,수원시 팔달구,매교동,300,2024,06,27,2024-06-27,85000,84.97,84타입,1.0,2023,중개거래,,,아파트(매매)_실거래가_20260906192327.csv,841,841,a316a684635eb2cc4ddd9986a0a0dfc5a9bb77533db71d279d94f9e640101229,117,25.01.03,csv:a316a684635eb2cc4ddd9986a0a0dfc5a9bb77533db71d279d94f9e640101229:841,,False,1,1,8.5,2024-06,1–5층,2024-06 / 1–5층,144
매교역푸르지오SKVIEW,41115,수원시 팔달구,매교동,300,2024,06,28,2024-06-28,95000,84.97,84타입,12.0,2023,중개거래,,,아파트(매매)_실거래가_20260906192327.csv,833,833,a316a684635eb2cc4ddd9986a0a0dfc5a9bb77533db71d279d94f9e640101229,138,24.10.23,csv:a316a684635eb2cc4ddd9986a0a0dfc5a9bb77533db71d279d94f9e640101229:833,,False,1,1,9.5,2024-06,6–15층,2024-06 / 6–15층,145
매교역푸르지오SKVIEW,41115,수원시 팔달구,매교동,300,2024,07,13,2024-07-13,93000,84.97,84타입,5.0,2023,중개거래,,,아파트(매매)_실거래가_20260906192327.csv,744,744,a316a684635eb2cc4ddd9986a0a0dfc5a9bb77533db71d279d94f9e640101229,103,24.10.18,csv:a316a684635eb2cc4ddd9986a0a0dfc5a9bb77533db71d279d94f9e640101229:744,,False,1,1,9.3,2024-07,1–5층,2024-07 / 1–5층,160
매교역푸르지오SKVIEW,41115,수원시 팔달구,매교동,300,2024,07,27,2024-07-27,94500,84.97,84타입,7.0,2023,중개거래,,,아파트(매매)_실거래가_20260906192327.csv,637,637,a316a684635eb2cc4ddd9986a0a0dfc5a9bb77533db71d279d94f9e640101229,138,24.08.30,csv:a316a684635eb2cc4ddd9986a0a0dfc5a9bb77533db71d279d94f9e640101229:637,,False,1,1,9.45,2024-07,6–15층,2024-07 / 6–15층,174
매교역푸르지오SKVIEW,41115,수원시 팔달구,매교동,300,2024,07,27,2024-07-27,95000,84.97,84타입,10.0,2023,중개거래,,,아파트(매매)_실거래가_20260906192327.csv,636,636,a316a684635eb2cc4ddd9986a0a0dfc5a9bb77533db71d279d94f9e640101229,126,24.11.25,csv:a316a684635eb2cc4ddd9986a0a0dfc5a9bb77533db71d279d94f9e640101229:636,,False,1,1,9.5,2024-07,6–15층,2024-07 / 6–15층,174
매교역푸르지오SKVIEW,41115,수원시 팔달구,매교동,300,2024,07,28,2024-07-28,94000,84.97,84타입,10.0,2023,중개거래,,,아파트(매매)_실거래가_20260906192327.csv,633,633,a316a684635eb2cc4ddd9986a0a0dfc5a9bb77533db71d279d94f9e640101229,102,24.11.05,csv:a316a684635eb2cc4ddd9986a0a0dfc5a9bb77533db71d279d94f9e640101229:633,,False,1,1,9.4,2024-07,6–15층,2024-07 / 6–15층,175
매교역푸르지오SKVIEW,41115,수원시 팔달구,매교동,300,2024,07,30,2024-07-30,98000,84.97,84타입,17.0,2023,중개거래,,,아파트(매매)_실거래가_20260906192327.csv,618,618,a316a684635eb2cc4ddd9986a0a0dfc5a9bb77533db71d279d94f9e640101229,102,24.11.29,csv:a316a684635eb2cc4ddd9986a0a0dfc5a9bb77533db71d279d94f9e640101229:618,,False,1,1,9.8,2024-07,16층 이상,2024-07 / 16층 이상,177
매교역푸르지오SKVIEW,41115,수원시 팔달구,매교동,300,2024,08,03,2024-08-03,92000,84.97,84타입,4.0,2023,중개거래,,,아파트(매매)_실거래가_20260906192327.csv,595,595,a316a684635eb2cc4ddd9986a0a0dfc5a9bb77533db71d279d94f9e640101229,105,24.10.08,csv:a316a684635eb2cc4ddd9986a0a0dfc5a9bb77533db71d279d94f9e640101229:595,,False,1,1,9.2,2024-08,1–5층,2024-08 / 1–5층,181
매교역푸르지오SKVIEW,41115,수원시 팔달구,매교동,300,2024,08,09,2024-08-09,97000,84.97,84타입,8.0,2023,중개거래,,,아파트(매매)_실거래가_20260906192327.csv,559,559,a316a684635eb2cc4ddd9986a0a0dfc5a9bb77533db71d279d94f9e640101229,130,24.10.25,csv:a316a684635eb2cc4ddd9986a0a0dfc5a9bb77533db71d279d94f9e640101229:559,,False,1,1,9.7,2024-08,6–15층,2024-08 / 6–15층,187
매교역푸르지오SKVIEW,41115,수원시 팔달구,매교동,300,2024,08,14,2024-08-14,95000,84.97,84타입,11.0,2023,중개거래,,,아파트(매매)_실거래가_20260906192327.csv,527,527,a316a684635eb2cc4ddd9986a0a0dfc5a9bb77533db71d279d94f9e640101229,137,24.12.06,csv:a316a684635eb2cc4ddd9986a0a0dfc5a9bb77533db71d279d94f9e640101229:527,,False,1,1,9.5,2024-08,6–15층,2024-08 / 6–15층,192
매교역푸르지오SKVIEW,41115,수원시 팔달구,매교동,300,2024,08,15,2024-08-15,96500,84.97,84타입,10.0,2023,중개거래,,,아파트(매매)_실거래가_20260906192327.csv,519,519,a316a684635eb2cc4ddd9986a0a0dfc5a9bb77533db71d279d94f9e640101229,128,24.11.29,csv:a316a684635eb2cc4ddd9986a0a0dfc5a9bb77533db71d279d94f9e640101229:519,,False,1,1,9.65,2024-08,6–15층,2024-08 / 6–15층,193
매교역푸르지오SKVIEW,41115,수원시 팔달구,매교동,300,2024,08,18,2024-08-18,91000,84.97,84타입,2.0,2023,중개거래,,,아파트(매매)_실거래가_20260906192327.csv,502,502,a316a684635eb2cc4ddd9986a0a0dfc5a9bb77533db71d279d94f9e640101229,102,24.12.09,csv:a316a684635eb2cc4ddd9986a0a0dfc5a9bb77533db71d279d94f9e640101229:502,,False,1,1,9.1,2024-08,1–5층,2024-08 / 1–5층,196
매교역푸르지오SKVIEW,41115,수원시 팔달구,매교동,300,2024,08,26,2024-08-26,92700,84.97,84타입,3.0,2023,중개거래,,,아파트(매매)_실거래가_20260906192327.csv,464,464,a316a684635eb2cc4ddd9986a0a0dfc5a9bb77533db71d279d94f9e640101229,118,24.12.26,csv:a316a684635eb2cc4ddd9986a0a0dfc5a9bb77533db71d279d94f9e640101229:464,,False,1,1,9.27,2024-08,1–5층,2024-08 / 1–5층,204
매교역푸르지오SKVIEW,41115,수원시 팔달구,매교동,300,2024,08,31,2024-08-31,99000,84.97,84타입,10.0,2023,중개거래,,,아파트(매매)_실거래가_20260906192327.csv,429,429,a316a684635eb2cc4ddd9986a0a0dfc5a9bb77533db71d279d94f9e640101229,126,24.11.15,csv:a316a684635eb2cc4ddd9986a0a0dfc5a9bb77533db71d279d94f9e640101229:429,,False,1,1,9.9,2024-08,6–15층,2024-08 / 6–15층,209
매교역푸르지오SKVIEW,41115,수원시 팔달구,매교동,300,2024,09,08,2024-09-08,97000,84.97,84타입,17.0,2023,중개거래,,,아파트(매매)_실거래가_20260906192327.csv,396,396,a316a684635eb2cc4ddd9986a0a0dfc5a9bb77533db71d279d94f9e640101229,117,25.01.20,csv:a316a684635eb2cc4ddd9986a0a0dfc5a9bb77533db71d279d94f9e640101229:396,,False,1,1,9.7,2024-09,16층 이상,2024-09 / 16층 이상,217
매교역푸르지오SKVIEW,41115,수원시 팔달구,매교동,300,2024,09,30,2024-09-30,90000,84.97,84타입,5.0,2023,중개거래,,,아파트(매매)_실거래가_20260906192327.csv,322,322,a316a684635eb2cc4ddd9986a0a0dfc5a9bb77533db71d279d94f9e640101229,134,24.11.29,csv:a316a684635eb2cc4ddd9986a0a0dfc5a9bb77533db71d279d94f9e640101229:322,,False,1,1,9.0,2024-09,1–5층,2024-09 / 1–5층,239
매교역푸르지오SKVIEW,41115,수원시 팔달구,매교동,300,2024,10,04,2024-10-04,98000,84.97,84타입,15.0,2023,중개거래,,,아파트(매매)_실거래가_20260906192327.csv,305,305,a316a684635eb2cc4ddd9986a0a0dfc5a9bb77533db71d279d94f9e640101229,102,25.01.10,csv:a316a684635eb2cc4ddd9986a0a0dfc5a9bb77533db71d279d94f9e640101229:305,,False,1,1,9.8,2024-10,6–15층,2024-10 / 6–15층,243
매교역푸르지오SKVIEW,41115,수원시 팔달구,매교동,300,2024,10,19,2024-10-19,94500,84.97,84타입,5.0,2023,중개거래,,,아파트(매매)_실거래가_20260906192327.csv,229,229,a316a684635eb2cc4ddd9986a0a0dfc5a9bb77533db71d279d94f9e640101229,118,25.01.13,csv:a316a684635eb2cc4ddd9986a0a0dfc5a9bb77533db71d279d94f9e640101229:229,,False,1,1,9.45,2024-10,1–5층,2024-10 / 1–5층,258
매교역푸르지오SKVIEW,41115,수원시 팔달구,매교동,300,2024,11,02,2024-11-02,97900,84.97,84타입,15.0,2023,중개거래,,,아파트(매매)_실거래가_20260906192327.csv,181,181,a316a684635eb2cc4ddd9986a0a0dfc5a9bb77533db71d279d94f9e640101229,133,25.01.15,csv:a316a684635eb2cc4ddd9986a0a0dfc5a9bb77533db71d279d94f9e640101229:181,,False,1,1,9.79,2024-11,6–15층,2024-11 / 6–15층,272
매교역푸르지오SKVIEW,41115,수원시 팔달구,매교동,300,2024,11,09,2024-11-09,96500,84.97,84타입,10.0,2023,중개거래,,,아파트(매매)_실거래가_20260906192327.csv,164,164,a316a684635eb2cc4ddd9986a0a0dfc5a9bb77533db71d279d94f9e640101229,117,25.01.17,csv:a316a684635eb2cc4ddd9986a0a0dfc5a9bb77533db71d279d94f9e640101229:164,,False,1,1,9.65,2024-11,6–15층,2024-11 / 6–15층,279
매교역푸르지오SKVIEW,41115,수원시 팔달구,매교동,300,2024,11,21,2024-11-21,94500,84.97,84타입,7.0,2023,중개거래,,,아파트(매매)_실거래가_20260906192327.csv,129,129,a316a684635eb2cc4ddd9986a0a0dfc5a9bb77533db71d279d94f9e640101229,108,25.02.20,csv:a316a684635eb2cc4ddd9986a0a0dfc5a9bb77533db71d279d94f9e640101229:129,,False,1,1,9.45,2024-11,6–15층,2024-11 / 6–15층,291
매교역푸르지오SKVIEW,41115,수원시 팔달구,매교동,300,2025,02,16,2025-02-16,90000,84.97,84타입,13.0,2023,중개거래,,,아파트(매매)_실거래가_20260906192334.csv,1888,1888,ab64bd1930ce6f079edfe77efa7498e878fc20702c3d5e3ffbe53f454c758783,103,25.04.30,csv:ab64bd1930ce6f079edfe77efa7498e878fc20702c3d5e3ffbe53f454c758783:1888,,False,1,1,9.0,2025-02,6–15층,2025-02 / 6–15층,378
매교역푸르지오SKVIEW,41115,수원시 팔달구,매교동,300,2025,02,22,2025-02-22,87500,84.97,84타입,17.0,2023,중개거래,,,아파트(매매)_실거래가_20260906192334.csv,1860,1860,ab64bd1930ce6f079edfe77efa7498e878fc20702c3d5e3ffbe53f454c758783,107,25.05.30,csv:ab64bd1930ce6f079edfe77efa7498e878fc20702c3d5e3ffbe53f454c758783:1860,,False,1,1,8.75,2025-02,16층 이상,2025-02 / 16층 이상,384
매교역푸르지오SKVIEW,41115,수원시 팔달구,매교동,300,2025,02,27,2025-02-27,90000,84.97,84타입,4.0,2023,중개거래,,,아파트(매매)_실거래가_20260906192334.csv,1839,1839,ab64bd1930ce6f079edfe77efa7498e878fc20702c3d5e3ffbe53f454c758783,102,25.03.31,csv:ab64bd1930ce6f079edfe77efa7498e878fc20702c3d5e3ffbe53f454c758783:1839,,False,1,1,9.0,2025-02,1–5층,2025-02 / 1–5층,389
매교역푸르지오SKVIEW,41115,수원시 팔달구,매교동,300,2025,03,01,2025-03-01,93500,84.97,84타입,15.0,2023,중개거래,,,아파트(매매)_실거래가_20260906192334.csv,1833,1833,ab64bd1930ce6f079edfe77efa7498e878fc20702c3d5e3ffbe53f454c758783,124,25.06.05,csv:ab64bd1930ce6f079edfe77efa7498e878fc20702c3d5e3ffbe53f454c758783:1833,,False,1,1,9.35,2025-03,6–15층,2025-03 / 6–15층,391
매교역푸르지오SKVIEW,41115,수원시 팔달구,매교동,300,2025,03,03,2025-03-03,96500,84.97,84타입,9.0,2023,중개거래,,,아파트(매매)_실거래가_20260906192334.csv,1826,1826,ab64bd1930ce6f079edfe77efa7498e878fc20702c3d5e3ffbe53f454c758783,124,25.05.23,csv:ab64bd1930ce6f079edfe77efa7498e878fc20702c3d5e3ffbe53f454c758783:1826,,False,1,1,9.65,2025-03,6–15층,2025-03 / 6–15층,393
매교역푸르지오SKVIEW,41115,수원시 팔달구,매교동,300,2025,03,06,2025-03-06,98200,84.97,84타입,8.0,2023,중개거래,,,아파트(매매)_실거래가_20260906192334.csv,1810,1810,ab64bd1930ce6f079edfe77efa7498e878fc20702c3d5e3ffbe53f454c758783,103,25.05.30,csv:ab64bd1930ce6f079edfe77efa7498e878fc20702c3d5e3ffbe53f454c758783:1810,,False,1,1,9.82,2025-03,6–15층,2025-03 / 6–15층,396
수원센트럴아이파크자이,41115,수원시 팔달구,인계동,1173,2025,03,10,2025-03-10,85000,84.99,84타입,7.0,2024,중개거래,,,아파트(매매)_실거래가_20260906192334.csv,1780,1780,ab64bd1930ce6f079edfe77efa7498e878fc20702c3d5e3ffbe53f454c758783,101,25.08.19,csv:ab64bd1930ce6f079edfe77efa7498e878fc20702c3d5e3ffbe53f454c758783:1780,,False,1,0,8.5,2025-03,6–15층,2025-03 / 6–15층,400
매교역푸르지오SKVIEW,41115,수원시 팔달구,매교동,300,2025,03,29,2025-03-29,94000,84.97,84타입,12.0,2023,중개거래,,,아파트(매매)_실거래가_20260906192334.csv,1656,1656,ab64bd1930ce6f079edfe77efa7498e878fc20702c3d5e3ffbe53f454c758783,103,25.05.20,csv:ab64bd1930ce6f079edfe77efa7498e878fc20702c3d5e3ffbe53f454c758783:1656,,False,1,1,9.4,2025-03,6–15층,2025-03 / 6–15층,419
매교역푸르지오SKVIEW,41115,수원시 팔달구,매교동,300,2025,04,01,2025-04-01,89000,84.97,84타입,1.0,2023,중개거래,,,아파트(매매)_실거래가_20260906192334.csv,1628,1628,ab64bd1930ce6f079edfe77efa7498e878fc20702c3d5e3ffbe53f454c758783,109,25.06.04,csv:ab64bd1930ce6f079edfe77efa7498e878fc20702c3d5e3ffbe53f454c758783:1628,,False,1,1,8.9,2025-04,1–5층,2025-04 / 1–5층,422
매교역푸르지오SKVIEW,41115,수원시 팔달구,매교동,300,2025,04,03,2025-04-03,92000,84.97,84타입,6.0,2023,중개거래,,,아파트(매매)_실거래가_20260906192334.csv,1618,1618,ab64bd1930ce6f079edfe77efa7498e878fc20702c3d5e3ffbe53f454c758783,111,25.06.04,csv:ab64bd1930ce6f079edfe77efa7498e878fc20702c3d5e3ffbe53f454c758783:1618,,False,1,1,9.2,2025-04,6–15층,2025-04 / 6–15층,424
매교역푸르지오SKVIEW,41115,수원시 팔달구,매교동,300,2025,04,05,2025-04-05,92000,84.97,84타입,7.0,2023,중개거래,,,아파트(매매)_실거래가_20260906192334.csv,1602,1602,ab64bd1930ce6f079edfe77efa7498e878fc20702c3d5e3ffbe53f454c758783,126,25.07.11,csv:ab64bd1930ce6f079edfe77efa7498e878fc20702c3d5e3ffbe53f454c758783:1602,,False,1,1,9.2,2025-04,6–15층,2025-04 / 6–15층,426
수원센트럴아이파크자이,41115,수원시 팔달구,인계동,1173,2025,04,16,2025-04-16,89000,84.99,84타입,19.0,2024,중개거래,,,아파트(매매)_실거래가_20260906192334.csv,1548,1548,ab64bd1930ce6f079edfe77efa7498e878fc20702c3d5e3ffbe53f454c758783,106,25.07.15,csv:ab64bd1930ce6f079edfe77efa7498e878fc20702c3d5e3ffbe53f454c758783:1548,,False,1,0,8.9,2025-04,16층 이상,2025-04 / 16층 이상,437
매교역푸르지오SKVIEW,41115,수원시 팔달구,매교동,300,2025,04,25,2025-04-25,92700,84.97,84타입,17.0,2023,중개거래,,,아파트(매매)_실거래가_20260906192334.csv,1491,1491,ab64bd1930ce6f079edfe77efa7498e878fc20702c3d5e3ffbe53f454c758783,109,25.06.05,csv:ab64bd1930ce6f079edfe77efa7498e878fc20702c3d5e3ffbe53f454c758783:1491,,False,1,1,9.27,2025-04,16층 이상,2025-04 / 16층 이상,446
매교역푸르지오SKVIEW,41115,수원시 팔달구,매교동,300,2025,04,28,2025-04-28,93000,84.97,84타입,9.0,2023,중개거래,,,아파트(매매)_실거래가_20260906192334.csv,1478,1478,ab64bd1930ce6f079edfe77efa7498e878fc20702c3d5e3ffbe53f454c758783,128,25.06.30,csv:ab64bd1930ce6f079edfe77efa7498e878fc20702c3d5e3ffbe53f454c758783:1478,,False,1,1,9.3,2025-04,6–15층,2025-04 / 6–15층,449
매교역푸르지오SKVIEW,41115,수원시 팔달구,매교동,300,2025,05,10,2025-05-10,86000,84.97,84타입,2.0,2023,중개거래,,,아파트(매매)_실거래가_20260906192334.csv,1419,1419,ab64bd1930ce6f079edfe77efa7498e878fc20702c3d5e3ffbe53f454c758783,111,25.08.12,csv:ab64bd1930ce6f079edfe77efa7498e878fc20702c3d5e3ffbe53f454c758783:1419,,False,1,1,8.6,2025-05,1–5층,2025-05 / 1–5층,461
매교역푸르지오SKVIEW,41115,수원시 팔달구,매교동,300,2025,05,16,2025-05-16,93300,84.97,84타입,12.0,2023,중개거래,,,아파트(매매)_실거래가_20260906192334.csv,1392,1392,ab64bd1930ce6f079edfe77efa7498e878fc20702c3d5e3ffbe53f454c758783,109,25.07.25,csv:ab64bd1930ce6f079edfe77efa7498e878fc20702c3d5e3ffbe53f454c758783:1392,,False,1,1,9.33,2025-05,6–15층,2025-05 / 6–15층,467
매교역푸르지오SKVIEW,41115,수원시 팔달구,매교동,300,2025,05,17,2025-05-17,92000,84.97,84타입,20.0,2023,중개거래,,,아파트(매매)_실거래가_20260906192334.csv,1390,1390,ab64bd1930ce6f079edfe77efa7498e878fc20702c3d5e3ffbe53f454c758783,105,25.09.01,csv:ab64bd1930ce6f079edfe77efa7498e878fc20702c3d5e3ffbe53f454c758783:1390,,False,1,1,9.2,2025-05,16층 이상,2025-05 / 16층 이상,468
매교역푸르지오SKVIEW,41115,수원시 팔달구,매교동,300,2025,05,19,2025-05-19,90000,84.97,84타입,4.0,2023,중개거래,,,아파트(매매)_실거래가_20260906192334.csv,1373,1373,ab64bd1930ce6f079edfe77efa7498e878fc20702c3d5e3ffbe53f454c758783,133,25.08.11,csv:ab64bd1930ce6f079edfe77efa7498e878fc20702c3d5e3ffbe53f454c758783:1373,,False,1,1,9.0,2025-05,1–5층,2025-05 / 1–5층,470
매교역푸르지오SKVIEW,41115,수원시 팔달구,매교동,300,2025,05,21,2025-05-21,91000,84.97,84타입,2.0,2023,중개거래,,,아파트(매매)_실거래가_20260906192334.csv,1361,1361,ab64bd1930ce6f079edfe77efa7498e878fc20702c3d5e3ffbe53f454c758783,152,25.10.15,csv:ab64bd1930ce6f079edfe77efa7498e878fc20702c3d5e3ffbe53f454c758783:1361,,False,1,1,9.1,2025-05,1–5층,2025-05 / 1–5층,472
수원센트럴아이파크자이,41115,수원시 팔달구,인계동,1173,2025,05,31,2025-05-31,88000,84.99,84타입,12.0,2024,중개거래,,,아파트(매매)_실거래가_20260906192334.csv,1300,1300,ab64bd1930ce6f079edfe77efa7498e878fc20702c3d5e3ffbe53f454c758783,104,25.09.30,csv:ab64bd1930ce6f079edfe77efa7498e878fc20702c3d5e3ffbe53f454c758783:1300,,False,1,0,8.8,2025-05,6–15층,2025-05 / 6–15층,482
매교역푸르지오SKVIEW,41115,수원시 팔달구,매교동,300,2025,06,03,2025-06-03,93100,84.97,84타입,14.0,2023,중개거래,,,아파트(매매)_실거래가_20260906192334.csv,1281,1281,ab64bd1930ce6f079edfe77efa7498e878fc20702c3d5e3ffbe53f454c758783,135,25.09.15,csv:ab64bd1930ce6f079edfe77efa7498e878fc20702c3d5e3ffbe53f454c758783:1281,,False,1,1,9.31,2025-06,6–15층,2025-06 / 6–15층,485
수원센트럴아이파크자이,41115,수원시 팔달구,인계동,1173,2025,06,10,2025-06-10,92000,84.99,84타입,8.0,2024,중개거래,,,아파트(매매)_실거래가_20260906192334.csv,1230,1230,ab64bd1930ce6f079edfe77efa7498e878fc20702c3d5e3ffbe53f454c758783,107,25.12.17,csv:ab64bd1930ce6f079edfe77efa7498e878fc20702c3d5e3ffbe53f454c758783:1230,,False,1,0,9.2,2025-06,6–15층,2025-06 / 6–15층,492
매교역푸르지오SKVIEW,41115,수원시 팔달구,매교동,300,2025,06,12,2025-06-12,93700,84.97,84타입,13.0,2023,중개거래,,,아파트(매매)_실거래가_20260906192334.csv,1210,1210,ab64bd1930ce6f079edfe77efa7498e878fc20702c3d5e3ffbe53f454c758783,114,25.09.25,csv:ab64bd1930ce6f079edfe77efa7498e878fc20702c3d5e3ffbe53f454c758783:1210,,False,1,1,9.37,2025-06,6–15층,2025-06 / 6–15층,494
수원센트럴아이파크자이,41115,수원시 팔달구,인계동,1173,2025,06,13,2025-06-13,88900,84.99,84타입,14.0,2024,중개거래,,,아파트(매매)_실거래가_20260906192334.csv,1201,1201,ab64bd1930ce6f079edfe77efa7498e878fc20702c3d5e3ffbe53f454c758783,109,25.09.05,csv:ab64bd1930ce6f079edfe77efa7498e878fc20702c3d5e3ffbe53f454c758783:1201,,False,1,0,8.89,2025-06,6–15층,2025-06 / 6–15층,495
매교역푸르지오SKVIEW,41115,수원시 팔달구,매교동,300,2025,06,15,2025-06-15,94000,84.97,84타입,15.0,2023,중개거래,,,아파트(매매)_실거래가_20260906192334.csv,1185,1185,ab64bd1930ce6f079edfe77efa7498e878fc20702c3d5e3ffbe53f454c758783,135,25.09.30,csv:ab64bd1930ce6f079edfe77efa7498e878fc20702c3d5e3ffbe53f454c758783:1185,,False,1,1,9.4,2025-06,6–15층,2025-06 / 6–15층,497
매교역푸르지오SKVIEW,41115,수원시 팔달구,매교동,300,2025,06,17,2025-06-17,87000,84.97,84타입,3.0,2023,중개거래,,,아파트(매매)_실거래가_20260906192334.csv,1157,1157,ab64bd1930ce6f079edfe77efa7498e878fc20702c3d5e3ffbe53f454c758783,116,25.09.22,csv:ab64bd1930ce6f079edfe77efa7498e878fc20702c3d5e3ffbe53f454c758783:1157,,False,1,1,8.7,2025-06,1–5층,2025-06 / 1–5층,499
매교역푸르지오SKVIEW,41115,수원시 팔달구,매교동,300,2025,06,20,2025-06-20,87800,84.97,84타입,3.0,2023,중개거래,,,아파트(매매)_실거래가_20260906192334.csv,1139,1139,ab64bd1930ce6f079edfe77efa7498e878fc20702c3d5e3ffbe53f454c758783,134,25.08.21,csv:ab64bd1930ce6f079edfe77efa7498e878fc20702c3d5e3ffbe53f454c758783:1139,,False,1,1,8.78,2025-06,1–5층,2025-06 / 1–5층,502
매교역푸르지오SKVIEW,41115,수원시 팔달구,매교동,300,2025,06,21,2025-06-21,87800,84.97,84타입,4.0,2023,중개거래,,,아파트(매매)_실거래가_20260906192334.csv,1120,1120,ab64bd1930ce6f079edfe77efa7498e878fc20702c3d5e3ffbe53f454c758783,134,25.09.30,csv:ab64bd1930ce6f079edfe77efa7498e878fc20702c3d5e3ffbe53f454c758783:1120,,False,1,1,8.78,2025-06,1–5층,2025-06 / 1–5층,503
수원센트럴아이파크자이,41115,수원시 팔달구,인계동,1173,2025,06,22,2025-06-22,86500,84.99,84타입,11.0,2024,중개거래,,,아파트(매매)_실거래가_20260906192334.csv,1110,1110,ab64bd1930ce6f079edfe77efa7498e878fc20702c3d5e3ffbe53f454c758783,107,25.09.10,csv:ab64bd1930ce6f079edfe77efa7498e878fc20702c3d5e3ffbe53f454c758783:1110,,False,1,0,8.65,2025-06,6–15층,2025-06 / 6–15층,504
매교역푸르지오SKVIEW,41115,수원시 팔달구,매교동,300,2025,06,24,2025-06-24,88800,84.97,84타입,4.0,2023,중개거래,,,아파트(매매)_실거래가_20260906192334.csv,1088,1088,ab64bd1930ce6f079edfe77efa7498e878fc20702c3d5e3ffbe53f454c758783,118,25.08.14,csv:ab64bd1930ce6f079edfe77efa7498e878fc20702c3d5e3ffbe53f454c758783:1088,,False,1,1,8.88,2025-06,1–5층,2025-06 / 1–5층,506
매교역푸르지오SKVIEW,41115,수원시 팔달구,매교동,300,2025,06,25,2025-06-25,95000,84.97,84타입,11.0,2023,중개거래,,,아파트(매매)_실거래가_20260906192334.csv,1081,1081,ab64bd1930ce6f079edfe77efa7498e878fc20702c3d5e3ffbe53f454c758783,128,25.10.01,csv:ab64bd1930ce6f079edfe77efa7498e878fc20702c3d5e3ffbe53f454c758783:1081,,False,1,1,9.5,2025-06,6–15층,2025-06 / 6–15층,507
매교역푸르지오SKVIEW,41115,수원시 팔달구,매교동,300,2025,06,28,2025-06-28,93500,84.97,84타입,10.0,2023,중개거래,,,아파트(매매)_실거래가_20260906192334.csv,1024,1024,ab64bd1930ce6f079edfe77efa7498e878fc20702c3d5e3ffbe53f454c758783,139,25.10.02,csv:ab64bd1930ce6f079edfe77efa7498e878fc20702c3d5e3ffbe53f454c758783:1024,,False,1,1,9.35,2025-06,6–15층,2025-06 / 6–15층,510
매교역푸르지오SKVIEW,41115,수원시 팔달구,매교동,300,2025,07,04,2025-07-04,92800,84.97,84타입,8.0,2023,중개거래,,,아파트(매매)_실거래가_20260906192334.csv,974,974,ab64bd1930ce6f079edfe77efa7498e878fc20702c3d5e3ffbe53f454c758783,133,25.11.07,csv:ab64bd1930ce6f079edfe77efa7498e878fc20702c3d5e3ffbe53f454c758783:974,,False,1,1,9.28,2025-07,6–15층,2025-07 / 6–15층,516
매교역푸르지오SKVIEW,41115,수원시 팔달구,매교동,300,2025,07,10,2025-07-10,93500,84.97,84타입,15.0,2023,중개거래,,,아파트(매매)_실거래가_20260906192334.csv,938,938,ab64bd1930ce6f079edfe77efa7498e878fc20702c3d5e3ffbe53f454c758783,135,25.09.11,csv:ab64bd1930ce6f079edfe77efa7498e878fc20702c3d5e3ffbe53f454c758783:938,,False,1,1,9.35,2025-07,6–15층,2025-07 / 6–15층,522
매교역푸르지오SKVIEW,41115,수원시 팔달구,매교동,300,2025,07,12,2025-07-12,92200,84.97,84타입,13.0,2023,중개거래,,,아파트(매매)_실거래가_20260906192334.csv,928,928,ab64bd1930ce6f079edfe77efa7498e878fc20702c3d5e3ffbe53f454c758783,117,25.11.05,csv:ab64bd1930ce6f079edfe77efa7498e878fc20702c3d5e3ffbe53f454c758783:928,,False,1,1,9.22,2025-07,6–15층,2025-07 / 6–15층,524
매교역푸르지오SKVIEW,41115,수원시 팔달구,매교동,300,2025,07,15,2025-07-15,93000,84.97,84타입,8.0,2023,중개거래,,,아파트(매매)_실거래가_20260906192334.csv,908,908,ab64bd1930ce6f079edfe77efa7498e878fc20702c3d5e3ffbe53f454c758783,128,25.10.20,csv:ab64bd1930ce6f079edfe77efa7498e878fc20702c3d5e3ffbe53f454c758783:908,,False,1,1,9.3,2025-07,6–15층,2025-07 / 6–15층,527
수원센트럴아이파크자이,41115,수원시 팔달구,인계동,1173,2025,07,31,2025-07-31,77700,84.99,84타입,15.0,2024,직거래,,,아파트(매매)_실거래가_20260906192334.csv,840,840,ab64bd1930ce6f079edfe77efa7498e878fc20702c3d5e3ffbe53f454c758783,107,25.08.07,csv:ab64bd1930ce6f079edfe77efa7498e878fc20702c3d5e3ffbe53f454c758783:840,,False,1,0,7.77,2025-07,6–15층,2025-07 / 6–15층,543
수원센트럴아이파크자이,41115,수원시 팔달구,인계동,1173,2025,08,09,2025-08-09,85000,84.99,84타입,4.0,2024,중개거래,,,아파트(매매)_실거래가_20260906192334.csv,808,808,ab64bd1930ce6f079edfe77efa7498e878fc20702c3d5e3ffbe53f454c758783,111,25.10.20,csv:ab64bd1930ce6f079edfe77efa7498e878fc20702c3d5e3ffbe53f454c758783:808,,False,1,0,8.5,2025-08,1–5층,2025-08 / 1–5층,552
매교역푸르지오SKVIEW,41115,수원시 팔달구,매교동,300,2025,08,20,2025-08-20,90000,84.97,84타입,4.0,2023,중개거래,,,아파트(매매)_실거래가_20260906192334.csv,765,765,ab64bd1930ce6f079edfe77efa7498e878fc20702c3d5e3ffbe53f454c758783,126,26.01.29,csv:ab64bd1930ce6f079edfe77efa7498e878fc20702c3d5e3ffbe53f454c758783:765,,False,1,1,9.0,2025-08,1–5층,2025-08 / 1–5층,563
수원센트럴아이파크자이,41115,수원시 팔달구,인계동,1173,2025,08,20,2025-08-20,84500,84.99,84타입,3.0,2024,중개거래,,,아파트(매매)_실거래가_20260906192334.csv,762,762,ab64bd1930ce6f079edfe77efa7498e878fc20702c3d5e3ffbe53f454c758783,102,26.01.16,csv:ab64bd1930ce6f079edfe77efa7498e878fc20702c3d5e3ffbe53f454c758783:762,,False,1,0,8.45,2025-08,1–5층,2025-08 / 1–5층,563
매교역푸르지오SKVIEW,41115,수원시 팔달구,매교동,300,2025,08,22,2025-08-22,94500,84.97,84타입,12.0,2023,중개거래,,,아파트(매매)_실거래가_20260906192334.csv,753,753,ab64bd1930ce6f079edfe77efa7498e878fc20702c3d5e3ffbe53f454c758783,119,25.10.01,csv:ab64bd1930ce6f079edfe77efa7498e878fc20702c3d5e3ffbe53f454c758783:753,,False,1,1,9.45,2025-08,6–15층,2025-08 / 6–15층,565
매교역푸르지오SKVIEW,41115,수원시 팔달구,매교동,300,2025,08,27,2025-08-27,92500,84.97,84타입,6.0,2023,중개거래,,,아파트(매매)_실거래가_20260906192334.csv,732,732,ab64bd1930ce6f079edfe77efa7498e878fc20702c3d5e3ffbe53f454c758783,121,25.10.28,csv:ab64bd1930ce6f079edfe77efa7498e878fc20702c3d5e3ffbe53f454c758783:732,,False,1,1,9.25,2025-08,6–15층,2025-08 / 6–15층,570
수원센트럴아이파크자이,41115,수원시 팔달구,인계동,1173,2025,09,19,2025-09-19,88300,84.99,84타입,16.0,2024,중개거래,,,아파트(매매)_실거래가_20260906192334.csv,586,586,ab64bd1930ce6f079edfe77efa7498e878fc20702c3d5e3ffbe53f454c758783,107,25.12.05,csv:ab64bd1930ce6f079edfe77efa7498e878fc20702c3d5e3ffbe53f454c758783:586,,False,1,0,8.83,2025-09,16층 이상,2025-09 / 16층 이상,593
매교역푸르지오SKVIEW,41115,수원시 팔달구,매교동,300,2025,09,22,2025-09-22,96000,84.97,84타입,14.0,2023,중개거래,,,아파트(매매)_실거래가_20260906192334.csv,568,568,ab64bd1930ce6f079edfe77efa7498e878fc20702c3d5e3ffbe53f454c758783,126,25.12.04,csv:ab64bd1930ce6f079edfe77efa7498e878fc20702c3d5e3ffbe53f454c758783:568,,False,1,1,9.6,2025-09,6–15층,2025-09 / 6–15층,596
수원센트럴아이파크자이,41115,수원시 팔달구,인계동,1173,2025,10,03,2025-10-03,85000,84.99,84타입,14.0,2024,중개거래,,,아파트(매매)_실거래가_20260906192334.csv,474,474,ab64bd1930ce6f079edfe77efa7498e878fc20702c3d5e3ffbe53f454c758783,101,25.12.31,csv:ab64bd1930ce6f079edfe77efa7498e878fc20702c3d5e3ffbe53f454c758783:474,,False,1,0,8.5,2025-10,6–15층,2025-10 / 6–15층,607
매교역푸르지오SKVIEW,41115,수원시 팔달구,매교동,300,2025,10,11,2025-10-11,96000,84.97,84타입,4.0,2023,중개거래,,,아파트(매매)_실거래가_20260906192334.csv,432,432,ab64bd1930ce6f079edfe77efa7498e878fc20702c3d5e3ffbe53f454c758783,152,25.12.01,csv:ab64bd1930ce6f079edfe77efa7498e878fc20702c3d5e3ffbe53f454c758783:432,,False,1,1,9.6,2025-10,1–5층,2025-10 / 1–5층,615
매교역푸르지오SKVIEW,41115,수원시 팔달구,매교동,300,2025,10,11,2025-10-11,94500,84.97,84타입,13.0,2023,중개거래,,,아파트(매매)_실거래가_20260906192334.csv,436,436,ab64bd1930ce6f079edfe77efa7498e878fc20702c3d5e3ffbe53f454c758783,128,26.01.19,csv:ab64bd1930ce6f079edfe77efa7498e878fc20702c3d5e3ffbe53f454c758783:436,,False,1,1,9.45,2025-10,6–15층,2025-10 / 6–15층,615
매교역푸르지오SKVIEW,41115,수원시 팔달구,매교동,300,2025,10,12,2025-10-12,94500,84.97,84타입,9.0,2023,중개거래,,,아파트(매매)_실거래가_20260906192334.csv,428,428,ab64bd1930ce6f079edfe77efa7498e878fc20702c3d5e3ffbe53f454c758783,111,26.01.21,csv:ab64bd1930ce6f079edfe77efa7498e878fc20702c3d5e3ffbe53f454c758783:428,,False,1,1,9.45,2025-10,6–15층,2025-10 / 6–15층,616
매교역푸르지오SKVIEW,41115,수원시 팔달구,매교동,300,2025,10,14,2025-10-14,92500,84.97,84타입,5.0,2023,중개거래,,,아파트(매매)_실거래가_20260906192334.csv,404,404,ab64bd1930ce6f079edfe77efa7498e878fc20702c3d5e3ffbe53f454c758783,133,25.12.29,csv:ab64bd1930ce6f079edfe77efa7498e878fc20702c3d5e3ffbe53f454c758783:404,,False,1,1,9.25,2025-10,1–5층,2025-10 / 1–5층,618
매교역푸르지오SKVIEW,41115,수원시 팔달구,매교동,300,2025,10,14,2025-10-14,95000,84.97,84타입,17.0,2023,중개거래,,,아파트(매매)_실거래가_20260906192334.csv,405,405,ab64bd1930ce6f079edfe77efa7498e878fc20702c3d5e3ffbe53f454c758783,118,26.01.14,csv:ab64bd1930ce6f079edfe77efa7498e878fc20702c3d5e3ffbe53f454c758783:405,,False,1,1,9.5,2025-10,16층 이상,2025-10 / 16층 이상,618
매교역푸르지오SKVIEW,41115,수원시 팔달구,매교동,300,2025,10,15,2025-10-15,93500,84.97,84타입,10.0,2023,중개거래,,,아파트(매매)_실거래가_20260906192334.csv,377,377,ab64bd1930ce6f079edfe77efa7498e878fc20702c3d5e3ffbe53f454c758783,127,25.12.10,csv:ab64bd1930ce6f079edfe77efa7498e878fc20702c3d5e3ffbe53f454c758783:377,,False,1,1,9.35,2025-10,6–15층,2025-10 / 6–15층,619
매교역푸르지오SKVIEW,41115,수원시 팔달구,매교동,300,2025,10,15,2025-10-15,95000,84.97,84타입,16.0,2023,중개거래,,,아파트(매매)_실거래가_20260906192334.csv,385,385,ab64bd1930ce6f079edfe77efa7498e878fc20702c3d5e3ffbe53f454c758783,121,26.04.10,csv:ab64bd1930ce6f079edfe77efa7498e878fc20702c3d5e3ffbe53f454c758783:385,,False,1,1,9.5,2025-10,16층 이상,2025-10 / 16층 이상,619
매교역푸르지오SKVIEW,41115,수원시 팔달구,매교동,300,2025,10,16,2025-10-16,95700,84.97,84타입,7.0,2023,중개거래,,,아파트(매매)_실거래가_20260906192334.csv,347,347,ab64bd1930ce6f079edfe77efa7498e878fc20702c3d5e3ffbe53f454c758783,128,25.12.16,csv:ab64bd1930ce6f079edfe77efa7498e878fc20702c3d5e3ffbe53f454c758783:347,,False,1,1,9.57,2025-10,6–15층,2025-10 / 6–15층,620
매교역푸르지오SKVIEW,41115,수원시 팔달구,매교동,300,2025,10,18,2025-10-18,92300,84.97,84타입,4.0,2023,중개거래,,,아파트(매매)_실거래가_20260906192334.csv,321,321,ab64bd1930ce6f079edfe77efa7498e878fc20702c3d5e3ffbe53f454c758783,139,25.12.26,csv:ab64bd1930ce6f079edfe77efa7498e878fc20702c3d5e3ffbe53f454c758783:321,,False,1,1,9.23,2025-10,1–5층,2025-10 / 1–5층,622
매교역푸르지오SKVIEW,41115,수원시 팔달구,매교동,300,2025,10,31,2025-10-31,99900,84.97,84타입,7.0,2023,중개거래,,,아파트(매매)_실거래가_20260906192334.csv,290,290,ab64bd1930ce6f079edfe77efa7498e878fc20702c3d5e3ffbe53f454c758783,152,25.12.08,csv:ab64bd1930ce6f079edfe77efa7498e878fc20702c3d5e3ffbe53f454c758783:290,,False,1,1,9.99,2025-10,6–15층,2025-10 / 6–15층,635
매교역푸르지오SKVIEW,41115,수원시 팔달구,매교동,300,2025,11,08,2025-11-08,92000,84.97,84타입,13.0,2023,중개거래,,,아파트(매매)_실거래가_20260906192334.csv,275,275,ab64bd1930ce6f079edfe77efa7498e878fc20702c3d5e3ffbe53f454c758783,105,26.01.13,csv:ab64bd1930ce6f079edfe77efa7498e878fc20702c3d5e3ffbe53f454c758783:275,,False,1,1,9.2,2025-11,6–15층,2025-11 / 6–15층,643
매교역푸르지오SKVIEW,41115,수원시 팔달구,매교동,300,2025,11,12,2025-11-12,94500,84.97,84타입,14.0,2023,중개거래,,,아파트(매매)_실거래가_20260906192334.csv,261,261,ab64bd1930ce6f079edfe77efa7498e878fc20702c3d5e3ffbe53f454c758783,124,25.12.19,csv:ab64bd1930ce6f079edfe77efa7498e878fc20702c3d5e3ffbe53f454c758783:261,,False,1,1,9.45,2025-11,6–15층,2025-11 / 6–15층,647
수원센트럴아이파크자이,41115,수원시 팔달구,인계동,1173,2025,11,22,2025-11-22,87500,84.99,84타입,7.0,2024,중개거래,,,아파트(매매)_실거래가_20260906192334.csv,212,212,ab64bd1930ce6f079edfe77efa7498e878fc20702c3d5e3ffbe53f454c758783,104,26.01.27,csv:ab64bd1930ce6f079edfe77efa7498e878fc20702c3d5e3ffbe53f454c758783:212,,False,1,0,8.75,2025-11,6–15층,2025-11 / 6–15층,657
수원센트럴아이파크자이,41115,수원시 팔달구,인계동,1173,2025,11,24,2025-11-24,87500,84.99,84타입,5.0,2024,중개거래,,,아파트(매매)_실거래가_20260906192334.csv,208,208,ab64bd1930ce6f079edfe77efa7498e878fc20702c3d5e3ffbe53f454c758783,103,26.01.07,csv:ab64bd1930ce6f079edfe77efa7498e878fc20702c3d5e3ffbe53f454c758783:208,,False,1,0,8.75,2025-11,1–5층,2025-11 / 1–5층,659
매교역푸르지오SKVIEW,41115,수원시 팔달구,매교동,300,2025,11,26,2025-11-26,93400,84.97,84타입,12.0,2023,중개거래,,,아파트(매매)_실거래가_20260906192334.csv,198,198,ab64bd1930ce6f079edfe77efa7498e878fc20702c3d5e3ffbe53f454c758783,111,26.01.07,csv:ab64bd1930ce6f079edfe77efa7498e878fc20702c3d5e3ffbe53f454c758783:198,,False,1,1,9.34,2025-11,6–15층,2025-11 / 6–15층,661
수원센트럴아이파크자이,41115,수원시 팔달구,인계동,1173,2025,11,27,2025-11-27,84000,84.99,84타입,11.0,2024,중개거래,,,아파트(매매)_실거래가_20260906192334.csv,190,190,ab64bd1930ce6f079edfe77efa7498e878fc20702c3d5e3ffbe53f454c758783,106,26.02.27,csv:ab64bd1930ce6f079edfe77efa7498e878fc20702c3d5e3ffbe53f454c758783:190,,False,1,0,8.4,2025-11,6–15층,2025-11 / 6–15층,662
매교역푸르지오SKVIEW,41115,수원시 팔달구,매교동,300,2025,11,28,2025-11-28,87000,84.97,84타입,1.0,2023,중개거래,,,아파트(매매)_실거래가_20260906192334.csv,188,188,ab64bd1930ce6f079edfe77efa7498e878fc20702c3d5e3ffbe53f454c758783,139,26.02.25,csv:ab64bd1930ce6f079edfe77efa7498e878fc20702c3d5e3ffbe53f454c758783:188,,False,1,1,8.7,2025-11,1–5층,2025-11 / 1–5층,663
매교역푸르지오SKVIEW,41115,수원시 팔달구,매교동,300,2025,11,28,2025-11-28,89000,84.97,84타입,2.0,2023,중개거래,,,아파트(매매)_실거래가_20260906192334.csv,177,177,ab64bd1930ce6f079edfe77efa7498e878fc20702c3d5e3ffbe53f454c758783,103,26.02.27,csv:ab64bd1930ce6f079edfe77efa7498e878fc20702c3d5e3ffbe53f454c758783:177,,False,1,1,8.9,2025-11,1–5층,2025-11 / 1–5층,663
매교역푸르지오SKVIEW,41115,수원시 팔달구,매교동,300,2025,11,29,2025-11-29,95250,84.97,84타입,14.0,2023,중개거래,,,아파트(매매)_실거래가_20260906192334.csv,174,174,ab64bd1930ce6f079edfe77efa7498e878fc20702c3d5e3ffbe53f454c758783,128,26.02.20,csv:ab64bd1930ce6f079edfe77efa7498e878fc20702c3d5e3ffbe53f454c758783:174,,False,1,1,9.525,2025-11,6–15층,2025-11 / 6–15층,664
수원센트럴아이파크자이,41115,수원시 팔달구,인계동,1173,2025,12,05,2025-12-05,87000,84.99,84타입,16.0,2024,중개거래,,,아파트(매매)_실거래가_20260906192334.csv,144,144,ab64bd1930ce6f079edfe77efa7498e878fc20702c3d5e3ffbe53f454c758783,101,26.03.27,csv:ab64bd1930ce6f079edfe77efa7498e878fc20702c3d5e3ffbe53f454c758783:144,,False,1,0,8.7,2025-12,16층 이상,2025-12 / 16층 이상,670
매교역푸르지오SKVIEW,41115,수원시 팔달구,매교동,300,2025,12,10,2025-12-10,93000,84.97,84타입,13.0,2023,중개거래,,,아파트(매매)_실거래가_20260906192334.csv,120,120,ab64bd1930ce6f079edfe77efa7498e878fc20702c3d5e3ffbe53f454c758783,127,26.03.25,csv:ab64bd1930ce6f079edfe77efa7498e878fc20702c3d5e3ffbe53f454c758783:120,,False,1,1,9.3,2025-12,6–15층,2025-12 / 6–15층,675
매교역푸르지오SKVIEW,41115,수원시 팔달구,매교동,300,2025,12,13,2025-12-13,96500,84.97,84타입,17.0,2023,중개거래,,,아파트(매매)_실거래가_20260906192334.csv,98,98,ab64bd1930ce6f079edfe77efa7498e878fc20702c3d5e3ffbe53f454c758783,102,26.02.26,csv:ab64bd1930ce6f079edfe77efa7498e878fc20702c3d5e3ffbe53f454c758783:98,,False,1,1,9.65,2025-12,16층 이상,2025-12 / 16층 이상,678
수원센트럴아이파크자이,41115,수원시 팔달구,인계동,1173,2025,12,13,2025-12-13,93000,84.99,84타입,18.0,2024,중개거래,,,아파트(매매)_실거래가_20260906192334.csv,103,103,ab64bd1930ce6f079edfe77efa7498e878fc20702c3d5e3ffbe53f454c758783,104,26.02.27,csv:ab64bd1930ce6f079edfe77efa7498e878fc20702c3d5e3ffbe53f454c758783:103,,False,1,0,9.3,2025-12,16층 이상,2025-12 / 16층 이상,678
매교역푸르지오SKVIEW,41115,수원시 팔달구,매교동,300,2025,12,17,2025-12-17,97200,84.97,84타입,13.0,2023,중개거래,,,아파트(매매)_실거래가_20260906192334.csv,75,75,ab64bd1930ce6f079edfe77efa7498e878fc20702c3d5e3ffbe53f454c758783,133,26.02.27,csv:ab64bd1930ce6f079edfe77efa7498e878fc20702c3d5e3ffbe53f454c758783:75,,False,1,1,9.72,2025-12,6–15층,2025-12 / 6–15층,682
수원센트럴아이파크자이,41115,수원시 팔달구,인계동,1173,2025,12,17,2025-12-17,86500,84.99,84타입,9.0,2024,중개거래,,,아파트(매매)_실거래가_20260906192334.csv,70,70,ab64bd1930ce6f079edfe77efa7498e878fc20702c3d5e3ffbe53f454c758783,108,26.03.10,csv:ab64bd1930ce6f079edfe77efa7498e878fc20702c3d5e3ffbe53f454c758783:70,,False,1,0,8.65,2025-12,6–15층,2025-12 / 6–15층,682
매교역푸르지오SKVIEW,41115,수원시 팔달구,매교동,300,2025,12,19,2025-12-19,95500,84.97,84타입,11.0,2023,중개거래,,,아파트(매매)_실거래가_20260906192334.csv,65,65,ab64bd1930ce6f079edfe77efa7498e878fc20702c3d5e3ffbe53f454c758783,111,26.02.19,csv:ab64bd1930ce6f079edfe77efa7498e878fc20702c3d5e3ffbe53f454c758783:65,,False,1,1,9.55,2025-12,6–15층,2025-12 / 6–15층,684
매교역푸르지오SKVIEW,41115,수원시 팔달구,매교동,300,2025,12,20,2025-12-20,94000,84.97,84타입,9.0,2023,중개거래,,,아파트(매매)_실거래가_20260906192334.csv,45,45,ab64bd1930ce6f079edfe77efa7498e878fc20702c3d5e3ffbe53f454c758783,114,26.03.17,csv:ab64bd1930ce6f079edfe77efa7498e878fc20702c3d5e3ffbe53f454c758783:45,,False,1,1,9.4,2025-12,6–15층,2025-12 / 6–15층,685
매교역푸르지오SKVIEW,41115,수원시 팔달구,매교동,300,2025,12,20,2025-12-20,97000,84.97,84타입,11.0,2023,중개거래,,,아파트(매매)_실거래가_20260906192334.csv,44,44,ab64bd1930ce6f079edfe77efa7498e878fc20702c3d5e3ffbe53f454c758783,124,26.02.13,csv:ab64bd1930ce6f079edfe77efa7498e878fc20702c3d5e3ffbe53f454c758783:44,,False,1,1,9.7,2025-12,6–15층,2025-12 / 6–15층,685
매교역푸르지오SKVIEW,41115,수원시 팔달구,매교동,300,2025,12,26,2025-12-26,94700,84.97,84타입,6.0,2023,중개거래,,,아파트(매매)_실거래가_20260906192334.csv,20,20,ab64bd1930ce6f079edfe77efa7498e878fc20702c3d5e3ffbe53f454c758783,109,26.02.06,csv:ab64bd1930ce6f079edfe77efa7498e878fc20702c3d5e3ffbe53f454c758783:20,,False,1,1,9.47,2025-12,6–15층,2025-12 / 6–15층,691
매교역푸르지오SKVIEW,41115,수원시 팔달구,매교동,300,2025,12,27,2025-12-27,94500,84.97,84타입,9.0,2023,중개거래,,,아파트(매매)_실거래가_20260906192334.csv,6,6,ab64bd1930ce6f079edfe77efa7498e878fc20702c3d5e3ffbe53f454c758783,117,26.03.09,csv:ab64bd1930ce6f079edfe77efa7498e878fc20702c3d5e3ffbe53f454c758783:6,,False,1,1,9.45,2025-12,6–15층,2025-12 / 6–15층,692
매교역푸르지오SKVIEW,41115,수원시 팔달구,매교동,300,2026,01,08,2026-01-08,96000,84.97,84타입,13.0,2023,중개거래,,,아파트(매매)_실거래가_20260906192340.csv,1961,1961,7f6b59cf4ffa8479904b60fae1e225371c6b06691d683a3d1992fba223df671d,102,26.02.26,csv:7f6b59cf4ffa8479904b60fae1e225371c6b06691d683a3d1992fba223df671d:1961,,False,1,1,9.6,2026-01,6–15층,2026-01 / 6–15층,704
매교역푸르지오SKVIEW,41115,수원시 팔달구,매교동,300,2026,01,09,2026-01-09,95200,84.97,84타입,6.0,2023,중개거래,,,아파트(매매)_실거래가_20260906192340.csv,1952,1952,7f6b59cf4ffa8479904b60fae1e225371c6b06691d683a3d1992fba223df671d,133,26.03.05,csv:7f6b59cf4ffa8479904b60fae1e225371c6b06691d683a3d1992fba223df671d:1952,,False,1,1,9.52,2026-01,6–15층,2026-01 / 6–15층,705
매교역푸르지오SKVIEW,41115,수원시 팔달구,매교동,300,2026,01,14,2026-01-14,98000,84.97,84타입,13.0,2023,중개거래,,,아파트(매매)_실거래가_20260906192340.csv,1929,1929,7f6b59cf4ffa8479904b60fae1e225371c6b06691d683a3d1992fba223df671d,138,26.03.12,csv:7f6b59cf4ffa8479904b60fae1e225371c6b06691d683a3d1992fba223df671d:1929,,False,1,1,9.8,2026-01,6–15층,2026-01 / 6–15층,710
매교역푸르지오SKVIEW,41115,수원시 팔달구,매교동,300,2026,01,20,2026-01-20,102500,84.97,84타입,6.0,2023,중개거래,,,아파트(매매)_실거래가_20260906192340.csv,1892,1892,7f6b59cf4ffa8479904b60fae1e225371c6b06691d683a3d1992fba223df671d,152,26.03.31,csv:7f6b59cf4ffa8479904b60fae1e225371c6b06691d683a3d1992fba223df671d:1892,,False,1,1,10.25,2026-01,6–15층,2026-01 / 6–15층,716
매교역푸르지오SKVIEW,41115,수원시 팔달구,매교동,300,2026,01,29,2026-01-29,91000,84.97,84타입,3.0,2023,중개거래,,,아파트(매매)_실거래가_20260906192340.csv,1831,1831,7f6b59cf4ffa8479904b60fae1e225371c6b06691d683a3d1992fba223df671d,135,26.03.27,csv:7f6b59cf4ffa8479904b60fae1e225371c6b06691d683a3d1992fba223df671d:1831,,False,1,1,9.1,2026-01,1–5층,2026-01 / 1–5층,725
매교역푸르지오SKVIEW,41115,수원시 팔달구,매교동,300,2026,01,30,2026-01-30,94000,84.97,84타입,17.0,2023,중개거래,,,아파트(매매)_실거래가_20260906192340.csv,1820,1820,7f6b59cf4ffa8479904b60fae1e225371c6b06691d683a3d1992fba223df671d,105,26.03.27,csv:7f6b59cf4ffa8479904b60fae1e225371c6b06691d683a3d1992fba223df671d:1820,,False,1,1,9.4,2026-01,16층 이상,2026-01 / 16층 이상,726
매교역푸르지오SKVIEW,41115,수원시 팔달구,매교동,300,2026,01,31,2026-01-31,96500,84.97,84타입,7.0,2023,중개거래,,,아파트(매매)_실거래가_20260906192340.csv,1814,1814,7f6b59cf4ffa8479904b60fae1e225371c6b06691d683a3d1992fba223df671d,136,26.03.03,csv:7f6b59cf4ffa8479904b60fae1e225371c6b06691d683a3d1992fba223df671d:1814,,False,1,1,9.65,2026-01,6–15층,2026-01 / 6–15층,727
매교역푸르지오SKVIEW,41115,수원시 팔달구,매교동,300,2026,02,02,2026-02-02,87000,84.97,84타입,2.0,2023,중개거래,,,아파트(매매)_실거래가_20260906192340.csv,1810,1810,7f6b59cf4ffa8479904b60fae1e225371c6b06691d683a3d1992fba223df671d,126,26.03.30,csv:7f6b59cf4ffa8479904b60fae1e225371c6b06691d683a3d1992fba223df671d:1810,,False,1,1,8.7,2026-02,1–5층,2026-02 / 1–5층,729
매교역푸르지오SKVIEW,41115,수원시 팔달구,매교동,300,2026,02,03,2026-02-03,94500,84.97,84타입,6.0,2023,중개거래,,,아파트(매매)_실거래가_20260906192340.csv,1797,1797,7f6b59cf4ffa8479904b60fae1e225371c6b06691d683a3d1992fba223df671d,135,26.02.27,csv:7f6b59cf4ffa8479904b60fae1e225371c6b06691d683a3d1992fba223df671d:1797,,False,1,1,9.45,2026-02,6–15층,2026-02 / 6–15층,730
매교역푸르지오SKVIEW,41115,수원시 팔달구,매교동,300,2026,02,06,2026-02-06,96000,84.97,84타입,16.0,2023,중개거래,,,아파트(매매)_실거래가_20260906192340.csv,1775,1775,7f6b59cf4ffa8479904b60fae1e225371c6b06691d683a3d1992fba223df671d,117,26.04.01,csv:7f6b59cf4ffa8479904b60fae1e225371c6b06691d683a3d1992fba223df671d:1775,,False,1,1,9.6,2026-02,16층 이상,2026-02 / 16층 이상,733
수원센트럴아이파크자이,41115,수원시 팔달구,인계동,1173,2026,02,08,2026-02-08,85500,84.99,84타입,8.0,2024,중개거래,,,아파트(매매)_실거래가_20260906192340.csv,1741,1741,7f6b59cf4ffa8479904b60fae1e225371c6b06691d683a3d1992fba223df671d,115,26.04.30,csv:7f6b59cf4ffa8479904b60fae1e225371c6b06691d683a3d1992fba223df671d:1741,,False,1,0,8.55,2026-02,6–15층,2026-02 / 6–15층,735
매교역푸르지오SKVIEW,41115,수원시 팔달구,매교동,300,2026,02,09,2026-02-09,90000,84.97,84타입,3.0,2023,중개거래,,,아파트(매매)_실거래가_20260906192340.csv,1737,1737,7f6b59cf4ffa8479904b60fae1e225371c6b06691d683a3d1992fba223df671d,111,26.04.06,csv:7f6b59cf4ffa8479904b60fae1e225371c6b06691d683a3d1992fba223df671d:1737,,False,1,1,9.0,2026-02,1–5층,2026-02 / 1–5층,736
매교역푸르지오SKVIEW,41115,수원시 팔달구,매교동,300,2026,02,10,2026-02-10,99000,84.97,84타입,13.0,2023,중개거래,,,아파트(매매)_실거래가_20260906192340.csv,1717,1717,7f6b59cf4ffa8479904b60fae1e225371c6b06691d683a3d1992fba223df671d,116,26.05.28,csv:7f6b59cf4ffa8479904b60fae1e225371c6b06691d683a3d1992fba223df671d:1717,,False,1,1,9.9,2026-02,6–15층,2026-02 / 6–15층,737
수원센트럴아이파크자이,41115,수원시 팔달구,인계동,1173,2026,02,11,2026-02-11,83000,84.99,84타입,3.0,2024,중개거래,,,아파트(매매)_실거래가_20260906192340.csv,1709,1709,7f6b59cf4ffa8479904b60fae1e225371c6b06691d683a3d1992fba223df671d,108,26.03.30,csv:7f6b59cf4ffa8479904b60fae1e225371c6b06691d683a3d1992fba223df671d:1709,,False,1,0,8.3,2026-02,1–5층,2026-02 / 1–5층,738
매교역푸르지오SKVIEW,41115,수원시 팔달구,매교동,300,2026,02,12,2026-02-12,91400,84.97,84타입,2.0,2023,중개거래,,,아파트(매매)_실거래가_20260906192340.csv,1683,1683,7f6b59cf4ffa8479904b60fae1e225371c6b06691d683a3d1992fba223df671d,140,26.05.14,csv:7f6b59cf4ffa8479904b60fae1e225371c6b06691d683a3d1992fba223df671d:1683,,False,1,1,9.14,2026-02,1–5층,2026-02 / 1–5층,739
매교역푸르지오SKVIEW,41115,수원시 팔달구,매교동,300,2026,02,13,2026-02-13,98000,84.97,84타입,14.0,2023,중개거래,,,아파트(매매)_실거래가_20260906192340.csv,1672,1672,7f6b59cf4ffa8479904b60fae1e225371c6b06691d683a3d1992fba223df671d,114,26.04.17,csv:7f6b59cf4ffa8479904b60fae1e225371c6b06691d683a3d1992fba223df671d:1672,,False,1,1,9.8,2026-02,6–15층,2026-02 / 6–15층,740
수원센트럴아이파크자이,41115,수원시 팔달구,인계동,1173,2026,02,13,2026-02-13,85100,84.99,84타입,11.0,2024,중개거래,,,아파트(매매)_실거래가_20260906192340.csv,1659,1659,7f6b59cf4ffa8479904b60fae1e225371c6b06691d683a3d1992fba223df671d,109,26.03.27,csv:7f6b59cf4ffa8479904b60fae1e225371c6b06691d683a3d1992fba223df671d:1659,,False,1,0,8.51,2026-02,6–15층,2026-02 / 6–15층,740
매교역푸르지오SKVIEW,41115,수원시 팔달구,매교동,300,2026,02,14,2026-02-14,65100,84.97,84타입,12.0,2023,직거래,,,아파트(매매)_실거래가_20260906192340.csv,1650,1650,7f6b59cf4ffa8479904b60fae1e225371c6b06691d683a3d1992fba223df671d,103,26.04.08,csv:7f6b59cf4ffa8479904b60fae1e225371c6b06691d683a3d1992fba223df671d:1650,,False,1,1,6.51,2026-02,6–15층,2026-02 / 6–15층,741
매교역푸르지오SKVIEW,41115,수원시 팔달구,매교동,300,2026,02,21,2026-02-21,97500,84.97,84타입,11.0,2023,중개거래,,,아파트(매매)_실거래가_20260906192340.csv,1614,1614,7f6b59cf4ffa8479904b60fae1e225371c6b06691d683a3d1992fba223df671d,102,26.04.29,csv:7f6b59cf4ffa8479904b60fae1e225371c6b06691d683a3d1992fba223df671d:1614,,False,1,1,9.75,2026-02,6–15층,2026-02 / 6–15층,748
매교역푸르지오SKVIEW,41115,수원시 팔달구,매교동,300,2026,02,23,2026-02-23,92000,84.97,84타입,2.0,2023,중개거래,,,아파트(매매)_실거래가_20260906192340.csv,1592,1592,7f6b59cf4ffa8479904b60fae1e225371c6b06691d683a3d1992fba223df671d,138,26.05.15,csv:7f6b59cf4ffa8479904b60fae1e225371c6b06691d683a3d1992fba223df671d:1592,,False,1,1,9.2,2026-02,1–5층,2026-02 / 1–5층,750
매교역푸르지오SKVIEW,41115,수원시 팔달구,매교동,300,2026,02,24,2026-02-24,97000,84.97,84타입,9.0,2023,중개거래,,,아파트(매매)_실거래가_20260906192340.csv,1590,1590,7f6b59cf4ffa8479904b60fae1e225371c6b06691d683a3d1992fba223df671d,105,26.04.17,csv:7f6b59cf4ffa8479904b60fae1e225371c6b06691d683a3d1992fba223df671d:1590,,False,1,1,9.7,2026-02,6–15층,2026-02 / 6–15층,751
매교역푸르지오SKVIEW,41115,수원시 팔달구,매교동,300,2026,02,25,2026-02-25,99500,84.97,84타입,10.0,2023,중개거래,,,아파트(매매)_실거래가_20260906192340.csv,1571,1571,7f6b59cf4ffa8479904b60fae1e225371c6b06691d683a3d1992fba223df671d,102,26.05.29,csv:7f6b59cf4ffa8479904b60fae1e225371c6b06691d683a3d1992fba223df671d:1571,,False,1,1,9.95,2026-02,6–15층,2026-02 / 6–15층,752
매교역푸르지오SKVIEW,41115,수원시 팔달구,매교동,300,2026,02,27,2026-02-27,99000,84.97,84타입,6.0,2023,중개거래,,,아파트(매매)_실거래가_20260906192340.csv,1550,1550,7f6b59cf4ffa8479904b60fae1e225371c6b06691d683a3d1992fba223df671d,118,26.05.29,csv:7f6b59cf4ffa8479904b60fae1e225371c6b06691d683a3d1992fba223df671d:1550,,False,1,1,9.9,2026-02,6–15층,2026-02 / 6–15층,754
매교역푸르지오SKVIEW,41115,수원시 팔달구,매교동,300,2026,02,27,2026-02-27,99000,84.97,84타입,12.0,2023,중개거래,,,아파트(매매)_실거래가_20260906192340.csv,1552,1552,7f6b59cf4ffa8479904b60fae1e225371c6b06691d683a3d1992fba223df671d,128,26.04.28,csv:7f6b59cf4ffa8479904b60fae1e225371c6b06691d683a3d1992fba223df671d:1552,,False,1,1,9.9,2026-02,6–15층,2026-02 / 6–15층,754
수원센트럴아이파크자이,41115,수원시 팔달구,인계동,1173,2026,02,27,2026-02-27,87500,84.99,84타입,4.0,2024,중개거래,,,아파트(매매)_실거래가_20260906192340.csv,1563,1563,7f6b59cf4ffa8479904b60fae1e225371c6b06691d683a3d1992fba223df671d,112,26.05.15,csv:7f6b59cf4ffa8479904b60fae1e225371c6b06691d683a3d1992fba223df671d:1563,,False,1,0,8.75,2026-02,1–5층,2026-02 / 1–5층,754
수원센트럴아이파크자이,41115,수원시 팔달구,인계동,1173,2026,03,04,2026-03-04,87000,84.99,84타입,11.0,2024,중개거래,,,아파트(매매)_실거래가_20260906192340.csv,1521,1521,7f6b59cf4ffa8479904b60fae1e225371c6b06691d683a3d1992fba223df671d,112,26.06.04,csv:7f6b59cf4ffa8479904b60fae1e225371c6b06691d683a3d1992fba223df671d:1521,,False,1,0,8.7,2026-03,6–15층,2026-03 / 6–15층,759
매교역푸르지오SKVIEW,41115,수원시 팔달구,매교동,300,2026,03,05,2026-03-05,88000,84.97,84타입,1.0,2023,중개거래,,,아파트(매매)_실거래가_20260906192340.csv,1513,1513,7f6b59cf4ffa8479904b60fae1e225371c6b06691d683a3d1992fba223df671d,136,26.05.08,csv:7f6b59cf4ffa8479904b60fae1e225371c6b06691d683a3d1992fba223df671d:1513,,False,1,1,8.8,2026-03,1–5층,2026-03 / 1–5층,760
매교역푸르지오SKVIEW,41115,수원시 팔달구,매교동,300,2026,03,06,2026-03-06,96300,84.97,84타입,5.0,2023,중개거래,,,아파트(매매)_실거래가_20260906192340.csv,1507,1507,7f6b59cf4ffa8479904b60fae1e225371c6b06691d683a3d1992fba223df671d,117,26.05.28,csv:7f6b59cf4ffa8479904b60fae1e225371c6b06691d683a3d1992fba223df671d:1507,,False,1,1,9.63,2026-03,1–5층,2026-03 / 1–5층,761
수원센트럴아이파크자이,41115,수원시 팔달구,인계동,1173,2026,03,07,2026-03-07,82500,84.99,84타입,1.0,2024,중개거래,,,아파트(매매)_실거래가_20260906192340.csv,1498,1498,7f6b59cf4ffa8479904b60fae1e225371c6b06691d683a3d1992fba223df671d,103,26.05.29,csv:7f6b59cf4ffa8479904b60fae1e225371c6b06691d683a3d1992fba223df671d:1498,,False,1,0,8.25,2026-03,1–5층,2026-03 / 1–5층,762
수원센트럴아이파크자이,41115,수원시 팔달구,인계동,1173,2026,03,07,2026-03-07,90000,84.99,84타입,8.0,2024,중개거래,,,아파트(매매)_실거래가_20260906192340.csv,1497,1497,7f6b59cf4ffa8479904b60fae1e225371c6b06691d683a3d1992fba223df671d,115,26.06.25,csv:7f6b59cf4ffa8479904b60fae1e225371c6b06691d683a3d1992fba223df671d:1497,,False,1,0,9.0,2026-03,6–15층,2026-03 / 6–15층,762
매교역푸르지오SKVIEW,41115,수원시 팔달구,매교동,300,2026,03,13,2026-03-13,96000,84.97,84타입,11.0,2023,중개거래,,,아파트(매매)_실거래가_20260906192340.csv,1461,1461,7f6b59cf4ffa8479904b60fae1e225371c6b06691d683a3d1992fba223df671d,117,26.06.15,csv:7f6b59cf4ffa8479904b60fae1e225371c6b06691d683a3d1992fba223df671d:1461,,False,1,1,9.6,2026-03,6–15층,2026-03 / 6–15층,768
매교역푸르지오SKVIEW,41115,수원시 팔달구,매교동,300,2026,03,17,2026-03-17,104000,84.97,84타입,12.0,2023,중개거래,,,아파트(매매)_실거래가_20260906192340.csv,1443,1443,7f6b59cf4ffa8479904b60fae1e225371c6b06691d683a3d1992fba223df671d,139,26.06.10,csv:7f6b59cf4ffa8479904b60fae1e225371c6b06691d683a3d1992fba223df671d:1443,,False,1,1,10.4,2026-03,6–15층,2026-03 / 6–15층,772
매교역푸르지오SKVIEW,41115,수원시 팔달구,매교동,300,2026,03,18,2026-03-18,99000,84.97,84타입,11.0,2023,중개거래,,,아파트(매매)_실거래가_20260906192340.csv,1438,1438,7f6b59cf4ffa8479904b60fae1e225371c6b06691d683a3d1992fba223df671d,109,26.06.12,csv:7f6b59cf4ffa8479904b60fae1e225371c6b06691d683a3d1992fba223df671d:1438,,False,1,1,9.9,2026-03,6–15층,2026-03 / 6–15층,773
매교역푸르지오SKVIEW,41115,수원시 팔달구,매교동,300,2026,03,25,2026-03-25,96000,84.97,84타입,16.0,2023,중개거래,,,아파트(매매)_실거래가_20260906192340.csv,1371,1371,7f6b59cf4ffa8479904b60fae1e225371c6b06691d683a3d1992fba223df671d,107,26.05.19,csv:7f6b59cf4ffa8479904b60fae1e225371c6b06691d683a3d1992fba223df671d:1371,,False,1,1,9.6,2026-03,16층 이상,2026-03 / 16층 이상,780
매교역푸르지오SKVIEW,41115,수원시 팔달구,매교동,300,2026,03,28,2026-03-28,99500,84.97,84타입,8.0,2023,중개거래,,,아파트(매매)_실거래가_20260906192340.csv,1332,1332,7f6b59cf4ffa8479904b60fae1e225371c6b06691d683a3d1992fba223df671d,135,26.06.29,csv:7f6b59cf4ffa8479904b60fae1e225371c6b06691d683a3d1992fba223df671d:1332,,False,1,1,9.95,2026-03,6–15층,2026-03 / 6–15층,783
매교역푸르지오SKVIEW,41115,수원시 팔달구,매교동,300,2026,03,29,2026-03-29,98300,84.97,84타입,13.0,2023,중개거래,,,아파트(매매)_실거래가_20260906192340.csv,1326,1326,7f6b59cf4ffa8479904b60fae1e225371c6b06691d683a3d1992fba223df671d,127,26.05.18,csv:7f6b59cf4ffa8479904b60fae1e225371c6b06691d683a3d1992fba223df671d:1326,,False,1,1,9.83,2026-03,6–15층,2026-03 / 6–15층,784
매교역푸르지오SKVIEW,41115,수원시 팔달구,매교동,300,2026,03,30,2026-03-30,102500,84.97,84타입,13.0,2023,중개거래,,,아파트(매매)_실거래가_20260906192340.csv,1320,1320,7f6b59cf4ffa8479904b60fae1e225371c6b06691d683a3d1992fba223df671d,130,26.06.25,csv:7f6b59cf4ffa8479904b60fae1e225371c6b06691d683a3d1992fba223df671d:1320,,False,1,1,10.25,2026-03,6–15층,2026-03 / 6–15층,785
매교역푸르지오SKVIEW,41115,수원시 팔달구,매교동,300,2026,03,31,2026-03-31,98000,84.97,84타입,15.0,2023,중개거래,,,아파트(매매)_실거래가_20260906192340.csv,1308,1308,7f6b59cf4ffa8479904b60fae1e225371c6b06691d683a3d1992fba223df671d,102,26.07.16,csv:7f6b59cf4ffa8479904b60fae1e225371c6b06691d683a3d1992fba223df671d:1308,,False,1,1,9.8,2026-03,6–15층,2026-03 / 6–15층,786
매교역푸르지오SKVIEW,41115,수원시 팔달구,매교동,300,2026,04,09,2026-04-09,99000,84.97,84타입,7.0,2023,중개거래,,,아파트(매매)_실거래가_20260906192340.csv,1220,1220,7f6b59cf4ffa8479904b60fae1e225371c6b06691d683a3d1992fba223df671d,128,26.06.29,csv:7f6b59cf4ffa8479904b60fae1e225371c6b06691d683a3d1992fba223df671d:1220,,False,1,1,9.9,2026-04,6–15층,2026-04 / 6–15층,795
매교역푸르지오SKVIEW,41115,수원시 팔달구,매교동,300,2026,04,11,2026-04-11,96800,84.97,84타입,5.0,2023,중개거래,,,아파트(매매)_실거래가_20260906192340.csv,1178,1178,7f6b59cf4ffa8479904b60fae1e225371c6b06691d683a3d1992fba223df671d,116,26.08.31,csv:7f6b59cf4ffa8479904b60fae1e225371c6b06691d683a3d1992fba223df671d:1178,,False,1,1,9.68,2026-04,1–5층,2026-04 / 1–5층,797
수원센트럴아이파크자이,41115,수원시 팔달구,인계동,1173,2026,04,11,2026-04-11,89000,84.99,84타입,19.0,2024,중개거래,,,아파트(매매)_실거래가_20260906192340.csv,1190,1190,7f6b59cf4ffa8479904b60fae1e225371c6b06691d683a3d1992fba223df671d,115,26.06.30,csv:7f6b59cf4ffa8479904b60fae1e225371c6b06691d683a3d1992fba223df671d:1190,,False,1,0,8.9,2026-04,16층 이상,2026-04 / 16층 이상,797
수원센트럴아이파크자이,41115,수원시 팔달구,인계동,1173,2026,04,15,2026-04-15,89000,84.99,84타입,16.0,2024,중개거래,,,아파트(매매)_실거래가_20260906192340.csv,1142,1142,7f6b59cf4ffa8479904b60fae1e225371c6b06691d683a3d1992fba223df671d,107,26.07.20,csv:7f6b59cf4ffa8479904b60fae1e225371c6b06691d683a3d1992fba223df671d:1142,,False,1,0,8.9,2026-04,16층 이상,2026-04 / 16층 이상,801
매교역푸르지오SKVIEW,41115,수원시 팔달구,매교동,300,2026,04,16,2026-04-16,94000,84.97,84타입,3.0,2023,중개거래,,,아파트(매매)_실거래가_20260906192340.csv,1128,1128,7f6b59cf4ffa8479904b60fae1e225371c6b06691d683a3d1992fba223df671d,133,26.06.23,csv:7f6b59cf4ffa8479904b60fae1e225371c6b06691d683a3d1992fba223df671d:1128,,False,1,1,9.4,2026-04,1–5층,2026-04 / 1–5층,802
수원센트럴아이파크자이,41115,수원시 팔달구,인계동,1173,2026,04,21,2026-04-21,65000,84.99,84타입,5.0,2024,중개거래,,,아파트(매매)_실거래가_20260906192340.csv,1082,1082,7f6b59cf4ffa8479904b60fae1e225371c6b06691d683a3d1992fba223df671d,102,26.04.30,csv:7f6b59cf4ffa8479904b60fae1e225371c6b06691d683a3d1992fba223df671d:1082,,False,1,0,6.5,2026-04,1–5층,2026-04 / 1–5층,807
매교역푸르지오SKVIEW,41115,수원시 팔달구,매교동,300,2026,04,29,2026-04-29,105000,84.97,84타입,14.0,2023,중개거래,,,아파트(매매)_실거래가_20260906192340.csv,998,998,7f6b59cf4ffa8479904b60fae1e225371c6b06691d683a3d1992fba223df671d,118,26.08.03,csv:7f6b59cf4ffa8479904b60fae1e225371c6b06691d683a3d1992fba223df671d:998,,False,1,1,10.5,2026-04,6–15층,2026-04 / 6–15층,815
수원센트럴아이파크자이,41115,수원시 팔달구,인계동,1173,2026,05,01,2026-05-01,84300,84.99,84타입,3.0,2024,중개거래,,,아파트(매매)_실거래가_20260906192340.csv,960,960,7f6b59cf4ffa8479904b60fae1e225371c6b06691d683a3d1992fba223df671d,101,26.06.30,csv:7f6b59cf4ffa8479904b60fae1e225371c6b06691d683a3d1992fba223df671d:960,,False,1,0,8.43,2026-05,1–5층,2026-05 / 1–5층,817
매교역푸르지오SKVIEW,41115,수원시 팔달구,매교동,300,2026,05,02,2026-05-02,95500,84.97,84타입,8.0,2023,중개거래,,,아파트(매매)_실거래가_20260906192340.csv,947,947,7f6b59cf4ffa8479904b60fae1e225371c6b06691d683a3d1992fba223df671d,,,csv:7f6b59cf4ffa8479904b60fae1e225371c6b06691d683a3d1992fba223df671d:947,,False,1,1,9.55,2026-05,6–15층,2026-05 / 6–15층,818
매교역푸르지오SKVIEW,41115,수원시 팔달구,매교동,300,2026,05,02,2026-05-02,98800,84.97,84타입,16.0,2023,중개거래,,,아파트(매매)_실거래가_20260906192340.csv,946,946,7f6b59cf4ffa8479904b60fae1e225371c6b06691d683a3d1992fba223df671d,118,26.07.27,csv:7f6b59cf4ffa8479904b60fae1e225371c6b06691d683a3d1992fba223df671d:946,,False,1,1,9.88,2026-05,16층 이상,2026-05 / 16층 이상,818
수원센트럴아이파크자이,41115,수원시 팔달구,인계동,1173,2026,05,02,2026-05-02,92500,84.99,84타입,11.0,2024,중개거래,,,아파트(매매)_실거래가_20260906192340.csv,956,956,7f6b59cf4ffa8479904b60fae1e225371c6b06691d683a3d1992fba223df671d,103,26.07.30,csv:7f6b59cf4ffa8479904b60fae1e225371c6b06691d683a3d1992fba223df671d:956,,False,1,0,9.25,2026-05,6–15층,2026-05 / 6–15층,818
매교역푸르지오SKVIEW,41115,수원시 팔달구,매교동,300,2026,05,04,2026-05-04,95000,84.97,84타입,11.0,2023,중개거래,,,아파트(매매)_실거래가_20260906192340.csv,940,940,7f6b59cf4ffa8479904b60fae1e225371c6b06691d683a3d1992fba223df671d,,,csv:7f6b59cf4ffa8479904b60fae1e225371c6b06691d683a3d1992fba223df671d:940,,False,1,1,9.5,2026-05,6–15층,2026-05 / 6–15층,820
매교역푸르지오SKVIEW,41115,수원시 팔달구,매교동,300,2026,05,05,2026-05-05,98700,84.97,84타입,6.0,2023,중개거래,,,아파트(매매)_실거래가_20260906192340.csv,924,924,7f6b59cf4ffa8479904b60fae1e225371c6b06691d683a3d1992fba223df671d,,,csv:7f6b59cf4ffa8479904b60fae1e225371c6b06691d683a3d1992fba223df671d:924,,False,1,1,9.87,2026-05,6–15층,2026-05 / 6–15층,821
매교역푸르지오SKVIEW,41115,수원시 팔달구,매교동,300,2026,05,15,2026-05-15,93000,84.97,84타입,8.0,2023,중개거래,,,아파트(매매)_실거래가_20260906192340.csv,853,853,7f6b59cf4ffa8479904b60fae1e225371c6b06691d683a3d1992fba223df671d,107,26.08.20,csv:7f6b59cf4ffa8479904b60fae1e225371c6b06691d683a3d1992fba223df671d:853,,False,1,1,9.3,2026-05,6–15층,2026-05 / 6–15층,831
매교역푸르지오SKVIEW,41115,수원시 팔달구,매교동,300,2026,05,15,2026-05-15,95800,84.97,84타입,8.0,2023,중개거래,,,아파트(매매)_실거래가_20260906192340.csv,858,858,7f6b59cf4ffa8479904b60fae1e225371c6b06691d683a3d1992fba223df671d,,,csv:7f6b59cf4ffa8479904b60fae1e225371c6b06691d683a3d1992fba223df671d:858,,False,1,1,9.58,2026-05,6–15층,2026-05 / 6–15층,831
수원센트럴아이파크자이,41115,수원시 팔달구,인계동,1173,2026,05,22,2026-05-22,92000,84.99,84타입,16.0,2024,중개거래,,,아파트(매매)_실거래가_20260906192340.csv,791,791,7f6b59cf4ffa8479904b60fae1e225371c6b06691d683a3d1992fba223df671d,,,csv:7f6b59cf4ffa8479904b60fae1e225371c6b06691d683a3d1992fba223df671d:791,,False,1,0,9.2,2026-05,16층 이상,2026-05 / 16층 이상,838
매교역푸르지오SKVIEW,41115,수원시 팔달구,매교동,300,2026,05,23,2026-05-23,103000,84.97,84타입,13.0,2023,중개거래,,,아파트(매매)_실거래가_20260906192340.csv,771,771,7f6b59cf4ffa8479904b60fae1e225371c6b06691d683a3d1992fba223df671d,119,26.08.20,csv:7f6b59cf4ffa8479904b60fae1e225371c6b06691d683a3d1992fba223df671d:771,,False,1,1,10.3,2026-05,6–15층,2026-05 / 6–15층,839
매교역푸르지오SKVIEW,41115,수원시 팔달구,매교동,300,2026,05,27,2026-05-27,96500,84.97,84타입,4.0,2023,중개거래,,,아파트(매매)_실거래가_20260906192340.csv,726,726,7f6b59cf4ffa8479904b60fae1e225371c6b06691d683a3d1992fba223df671d,118,26.08.14,csv:7f6b59cf4ffa8479904b60fae1e225371c6b06691d683a3d1992fba223df671d:726,,False,1,1,9.65,2026-05,1–5층,2026-05 / 1–5층,843
매교역푸르지오SKVIEW,41115,수원시 팔달구,매교동,300,2026,05,27,2026-05-27,102000,84.97,84타입,15.0,2023,중개거래,,,아파트(매매)_실거래가_20260906192340.csv,727,727,7f6b59cf4ffa8479904b60fae1e225371c6b06691d683a3d1992fba223df671d,136,26.08.14,csv:7f6b59cf4ffa8479904b60fae1e225371c6b06691d683a3d1992fba223df671d:727,,False,1,1,10.2,2026-05,6–15층,2026-05 / 6–15층,843
매교역푸르지오SKVIEW,41115,수원시 팔달구,매교동,300,2026,05,29,2026-05-29,100500,84.97,84타입,9.0,2023,중개거래,,,아파트(매매)_실거래가_20260906192340.csv,710,710,7f6b59cf4ffa8479904b60fae1e225371c6b06691d683a3d1992fba223df671d,109,26.08.31,csv:7f6b59cf4ffa8479904b60fae1e225371c6b06691d683a3d1992fba223df671d:710,,False,1,1,10.05,2026-05,6–15층,2026-05 / 6–15층,845
매교역푸르지오SKVIEW,41115,수원시 팔달구,매교동,300,2026,05,30,2026-05-30,98000,84.97,84타입,9.0,2023,중개거래,,,아파트(매매)_실거래가_20260906192340.csv,696,696,7f6b59cf4ffa8479904b60fae1e225371c6b06691d683a3d1992fba223df671d,127,26.07.29,csv:7f6b59cf4ffa8479904b60fae1e225371c6b06691d683a3d1992fba223df671d:696,,False,1,1,9.8,2026-05,6–15층,2026-05 / 6–15층,846
수원센트럴아이파크자이,41115,수원시 팔달구,인계동,1173,2026,05,30,2026-05-30,90200,84.99,84타입,12.0,2024,중개거래,,,아파트(매매)_실거래가_20260906192340.csv,693,693,7f6b59cf4ffa8479904b60fae1e225371c6b06691d683a3d1992fba223df671d,107,26.07.07,csv:7f6b59cf4ffa8479904b60fae1e225371c6b06691d683a3d1992fba223df671d:693,,False,1,0,9.02,2026-05,6–15층,2026-05 / 6–15층,846
수원센트럴아이파크자이,41115,수원시 팔달구,인계동,1173,2026,05,30,2026-05-30,87000,84.99,84타입,15.0,2024,중개거래,,,아파트(매매)_실거래가_20260906192340.csv,691,691,7f6b59cf4ffa8479904b60fae1e225371c6b06691d683a3d1992fba223df671d,,,csv:7f6b59cf4ffa8479904b60fae1e225371c6b06691d683a3d1992fba223df671d:691,,False,1,0,8.7,2026-05,6–15층,2026-05 / 6–15층,846
매교역푸르지오SKVIEW,41115,수원시 팔달구,매교동,300,2026,06,03,2026-06-03,104700,84.97,84타입,11.0,2023,중개거래,,,아파트(매매)_실거래가_20260906192340.csv,649,649,7f6b59cf4ffa8479904b60fae1e225371c6b06691d683a3d1992fba223df671d,,,csv:7f6b59cf4ffa8479904b60fae1e225371c6b06691d683a3d1992fba223df671d:649,,False,1,1,10.47,2026-06,6–15층,2026-06 / 6–15층,850
수원센트럴아이파크자이,41115,수원시 팔달구,인계동,1173,2026,06,03,2026-06-03,87000,84.99,84타입,10.0,2024,중개거래,,,아파트(매매)_실거래가_20260906192340.csv,653,653,7f6b59cf4ffa8479904b60fae1e225371c6b06691d683a3d1992fba223df671d,115,26.08.27,csv:7f6b59cf4ffa8479904b60fae1e225371c6b06691d683a3d1992fba223df671d:653,,False,1,0,8.7,2026-06,6–15층,2026-06 / 6–15층,850
매교역푸르지오SKVIEW,41115,수원시 팔달구,매교동,300,2026,06,04,2026-06-04,103000,84.97,84타입,10.0,2023,중개거래,,,아파트(매매)_실거래가_20260906192340.csv,643,643,7f6b59cf4ffa8479904b60fae1e225371c6b06691d683a3d1992fba223df671d,103,26.08.14,csv:7f6b59cf4ffa8479904b60fae1e225371c6b06691d683a3d1992fba223df671d:643,,False,1,1,10.3,2026-06,6–15층,2026-06 / 6–15층,851
수원센트럴아이파크자이,41115,수원시 팔달구,인계동,1173,2026,06,05,2026-06-05,89900,84.99,84타입,17.0,2024,중개거래,,,아파트(매매)_실거래가_20260906192340.csv,630,630,7f6b59cf4ffa8479904b60fae1e225371c6b06691d683a3d1992fba223df671d,103,26.08.21,csv:7f6b59cf4ffa8479904b60fae1e225371c6b06691d683a3d1992fba223df671d:630,,False,1,0,8.99,2026-06,16층 이상,2026-06 / 16층 이상,852
매교역푸르지오SKVIEW,41115,수원시 팔달구,매교동,300,2026,06,06,2026-06-06,99000,84.97,84타입,12.0,2023,중개거래,,,아파트(매매)_실거래가_20260906192340.csv,629,629,7f6b59cf4ffa8479904b60fae1e225371c6b06691d683a3d1992fba223df671d,107,26.08.04,csv:7f6b59cf4ffa8479904b60fae1e225371c6b06691d683a3d1992fba223df671d:629,,False,1,1,9.9,2026-06,6–15층,2026-06 / 6–15층,853
수원센트럴아이파크자이,41115,수원시 팔달구,인계동,1173,2026,06,06,2026-06-06,89000,84.99,84타입,17.0,2024,중개거래,,,아파트(매매)_실거래가_20260906192340.csv,627,627,7f6b59cf4ffa8479904b60fae1e225371c6b06691d683a3d1992fba223df671d,115,26.08.19,csv:7f6b59cf4ffa8479904b60fae1e225371c6b06691d683a3d1992fba223df671d:627,,False,1,0,8.9,2026-06,16층 이상,2026-06 / 16층 이상,853
매교역푸르지오SKVIEW,41115,수원시 팔달구,매교동,300,2026,06,11,2026-06-11,100000,84.97,84타입,17.0,2023,중개거래,,,아파트(매매)_실거래가_20260906192340.csv,583,583,7f6b59cf4ffa8479904b60fae1e225371c6b06691d683a3d1992fba223df671d,,,csv:7f6b59cf4ffa8479904b60fae1e225371c6b06691d683a3d1992fba223df671d:583,,False,1,1,10.0,2026-06,16층 이상,2026-06 / 16층 이상,858
매교역푸르지오SKVIEW,41115,수원시 팔달구,매교동,300,2026,06,12,2026-06-12,93000,84.97,84타입,6.0,2023,중개거래,,,아파트(매매)_실거래가_20260906192340.csv,577,577,7f6b59cf4ffa8479904b60fae1e225371c6b06691d683a3d1992fba223df671d,,,csv:7f6b59cf4ffa8479904b60fae1e225371c6b06691d683a3d1992fba223df671d:577,,False,1,1,9.3,2026-06,6–15층,2026-06 / 6–15층,859
매교역푸르지오SKVIEW,41115,수원시 팔달구,매교동,300,2026,06,13,2026-06-13,96900,84.97,84타입,5.0,2023,중개거래,,,아파트(매매)_실거래가_20260906192340.csv,570,570,7f6b59cf4ffa8479904b60fae1e225371c6b06691d683a3d1992fba223df671d,,,csv:7f6b59cf4ffa8479904b60fae1e225371c6b06691d683a3d1992fba223df671d:570,,False,1,1,9.69,2026-06,1–5층,2026-06 / 1–5층,860
매교역푸르지오SKVIEW,41115,수원시 팔달구,매교동,300,2026,06,14,2026-06-14,101500,84.97,84타입,12.0,2023,중개거래,,,아파트(매매)_실거래가_20260906192340.csv,560,560,7f6b59cf4ffa8479904b60fae1e225371c6b06691d683a3d1992fba223df671d,,,csv:7f6b59cf4ffa8479904b60fae1e225371c6b06691d683a3d1992fba223df671d:560,,False,1,1,10.15,2026-06,6–15층,2026-06 / 6–15층,861
매교역푸르지오SKVIEW,41115,수원시 팔달구,매교동,300,2026,06,15,2026-06-15,99000,84.97,84타입,15.0,2023,중개거래,,,아파트(매매)_실거래가_20260906192340.csv,550,550,7f6b59cf4ffa8479904b60fae1e225371c6b06691d683a3d1992fba223df671d,,,csv:7f6b59cf4ffa8479904b60fae1e225371c6b06691d683a3d1992fba223df671d:550,,False,1,1,9.9,2026-06,6–15층,2026-06 / 6–15층,862
매교역푸르지오SKVIEW,41115,수원시 팔달구,매교동,300,2026,06,18,2026-06-18,99000,84.97,84타입,9.0,2023,중개거래,,,아파트(매매)_실거래가_20260906192340.csv,532,532,7f6b59cf4ffa8479904b60fae1e225371c6b06691d683a3d1992fba223df671d,108,26.08.03,csv:7f6b59cf4ffa8479904b60fae1e225371c6b06691d683a3d1992fba223df671d:532,,False,1,1,9.9,2026-06,6–15층,2026-06 / 6–15층,865
매교역푸르지오SKVIEW,41115,수원시 팔달구,매교동,300,2026,06,19,2026-06-19,99000,84.97,84타입,18.0,2023,중개거래,,,아파트(매매)_실거래가_20260906192340.csv,522,522,7f6b59cf4ffa8479904b60fae1e225371c6b06691d683a3d1992fba223df671d,,,csv:7f6b59cf4ffa8479904b60fae1e225371c6b06691d683a3d1992fba223df671d:522,,False,1,1,9.9,2026-06,16층 이상,2026-06 / 16층 이상,866
매교역푸르지오SKVIEW,41115,수원시 팔달구,매교동,300,2026,06,20,2026-06-20,92000,84.97,84타입,2.0,2023,중개거래,,,아파트(매매)_실거래가_20260906192340.csv,506,506,7f6b59cf4ffa8479904b60fae1e225371c6b06691d683a3d1992fba223df671d,,,csv:7f6b59cf4ffa8479904b60fae1e225371c6b06691d683a3d1992fba223df671d:506,,False,1,1,9.2,2026-06,1–5층,2026-06 / 1–5층,867
수원센트럴아이파크자이,41115,수원시 팔달구,인계동,1173,2026,06,20,2026-06-20,90000,84.99,84타입,13.0,2024,중개거래,,,아파트(매매)_실거래가_20260906192340.csv,513,513,7f6b59cf4ffa8479904b60fae1e225371c6b06691d683a3d1992fba223df671d,115,26.08.03,csv:7f6b59cf4ffa8479904b60fae1e225371c6b06691d683a3d1992fba223df671d:513,,False,1,0,9.0,2026-06,6–15층,2026-06 / 6–15층,867
매교역푸르지오SKVIEW,41115,수원시 팔달구,매교동,300,2026,06,22,2026-06-22,105000,84.97,84타입,11.0,2023,중개거래,,,아파트(매매)_실거래가_20260906192340.csv,499,499,7f6b59cf4ffa8479904b60fae1e225371c6b06691d683a3d1992fba223df671d,,,csv:7f6b59cf4ffa8479904b60fae1e225371c6b06691d683a3d1992fba223df671d:499,,False,1,1,10.5,2026-06,6–15층,2026-06 / 6–15층,869
매교역푸르지오SKVIEW,41115,수원시 팔달구,매교동,300,2026,06,24,2026-06-24,105000,84.97,84타입,7.0,2023,중개거래,,,아파트(매매)_실거래가_20260906192340.csv,485,485,7f6b59cf4ffa8479904b60fae1e225371c6b06691d683a3d1992fba223df671d,,,csv:7f6b59cf4ffa8479904b60fae1e225371c6b06691d683a3d1992fba223df671d:485,,False,1,1,10.5,2026-06,6–15층,2026-06 / 6–15층,871
매교역푸르지오SKVIEW,41115,수원시 팔달구,매교동,300,2026,06,26,2026-06-26,104700,84.97,84타입,5.0,2023,중개거래,,,아파트(매매)_실거래가_20260906192340.csv,461,461,7f6b59cf4ffa8479904b60fae1e225371c6b06691d683a3d1992fba223df671d,,,csv:7f6b59cf4ffa8479904b60fae1e225371c6b06691d683a3d1992fba223df671d:461,,False,1,1,10.47,2026-06,1–5층,2026-06 / 1–5층,873
매교역푸르지오SKVIEW,41115,수원시 팔달구,매교동,300,2026,06,27,2026-06-27,90000,84.97,84타입,2.0,2023,중개거래,,,아파트(매매)_실거래가_20260906192340.csv,458,458,7f6b59cf4ffa8479904b60fae1e225371c6b06691d683a3d1992fba223df671d,,,csv:7f6b59cf4ffa8479904b60fae1e225371c6b06691d683a3d1992fba223df671d:458,,False,1,1,9.0,2026-06,1–5층,2026-06 / 1–5층,874
매교역푸르지오SKVIEW,41115,수원시 팔달구,매교동,300,2026,07,01,2026-07-01,107000,84.97,84타입,14.0,2023,중개거래,,,아파트(매매)_실거래가_20260906192340.csv,425,425,7f6b59cf4ffa8479904b60fae1e225371c6b06691d683a3d1992fba223df671d,139,26.08.10,csv:7f6b59cf4ffa8479904b60fae1e225371c6b06691d683a3d1992fba223df671d:425,,False,1,1,10.7,2026-07,6–15층,2026-07 / 6–15층,878
매교역푸르지오SKVIEW,41115,수원시 팔달구,매교동,300,2026,07,02,2026-07-02,89500,84.97,84타입,1.0,2023,중개거래,,,아파트(매매)_실거래가_20260906192340.csv,418,418,7f6b59cf4ffa8479904b60fae1e225371c6b06691d683a3d1992fba223df671d,114,26.08.27,csv:7f6b59cf4ffa8479904b60fae1e225371c6b06691d683a3d1992fba223df671d:418,,False,1,1,8.95,2026-07,1–5층,2026-07 / 1–5층,879
수원센트럴아이파크자이,41115,수원시 팔달구,인계동,1173,2026,07,03,2026-07-03,88000,84.99,84타입,7.0,2024,중개거래,,,아파트(매매)_실거래가_20260906192340.csv,405,405,7f6b59cf4ffa8479904b60fae1e225371c6b06691d683a3d1992fba223df671d,103,26.08.05,csv:7f6b59cf4ffa8479904b60fae1e225371c6b06691d683a3d1992fba223df671d:405,,False,1,0,8.8,2026-07,6–15층,2026-07 / 6–15층,880
수원센트럴아이파크자이,41115,수원시 팔달구,인계동,1173,2026,07,03,2026-07-03,89000,84.99,84타입,17.0,2024,중개거래,,,아파트(매매)_실거래가_20260906192340.csv,407,407,7f6b59cf4ffa8479904b60fae1e225371c6b06691d683a3d1992fba223df671d,,,csv:7f6b59cf4ffa8479904b60fae1e225371c6b06691d683a3d1992fba223df671d:407,,False,1,0,8.9,2026-07,16층 이상,2026-07 / 16층 이상,880
매교역푸르지오SKVIEW,41115,수원시 팔달구,매교동,300,2026,07,04,2026-07-04,100500,84.97,84타입,16.0,2023,중개거래,,,아파트(매매)_실거래가_20260906192340.csv,399,399,7f6b59cf4ffa8479904b60fae1e225371c6b06691d683a3d1992fba223df671d,,,csv:7f6b59cf4ffa8479904b60fae1e225371c6b06691d683a3d1992fba223df671d:399,,False,1,1,10.05,2026-07,16층 이상,2026-07 / 16층 이상,881
매교역푸르지오SKVIEW,41115,수원시 팔달구,매교동,300,2026,07,06,2026-07-06,98000,84.97,84타입,14.0,2023,중개거래,,,아파트(매매)_실거래가_20260906192340.csv,382,382,7f6b59cf4ffa8479904b60fae1e225371c6b06691d683a3d1992fba223df671d,,,csv:7f6b59cf4ffa8479904b60fae1e225371c6b06691d683a3d1992fba223df671d:382,,False,1,1,9.8,2026-07,6–15층,2026-07 / 6–15층,883
수원센트럴아이파크자이,41115,수원시 팔달구,인계동,1173,2026,07,06,2026-07-06,92000,84.99,84타입,6.0,2024,중개거래,,,아파트(매매)_실거래가_20260906192340.csv,379,379,7f6b59cf4ffa8479904b60fae1e225371c6b06691d683a3d1992fba223df671d,,,csv:7f6b59cf4ffa8479904b60fae1e225371c6b06691d683a3d1992fba223df671d:379,,False,1,0,9.2,2026-07,6–15층,2026-07 / 6–15층,883
매교역푸르지오SKVIEW,41115,수원시 팔달구,매교동,300,2026,07,07,2026-07-07,104000,84.97,84타입,18.0,2023,중개거래,,,아파트(매매)_실거래가_20260906192340.csv,372,372,7f6b59cf4ffa8479904b60fae1e225371c6b06691d683a3d1992fba223df671d,,,csv:7f6b59cf4ffa8479904b60fae1e225371c6b06691d683a3d1992fba223df671d:372,,False,1,1,10.4,2026-07,16층 이상,2026-07 / 16층 이상,884
매교역푸르지오SKVIEW,41115,수원시 팔달구,매교동,300,2026,07,08,2026-07-08,88700,84.97,84타입,2.0,2023,중개거래,,,아파트(매매)_실거래가_20260906192340.csv,358,358,7f6b59cf4ffa8479904b60fae1e225371c6b06691d683a3d1992fba223df671d,,,csv:7f6b59cf4ffa8479904b60fae1e225371c6b06691d683a3d1992fba223df671d:358,,False,1,1,8.87,2026-07,1–5층,2026-07 / 1–5층,885
매교역푸르지오SKVIEW,41115,수원시 팔달구,매교동,300,2026,07,10,2026-07-10,105000,84.97,84타입,16.0,2023,중개거래,,,아파트(매매)_실거래가_20260906192340.csv,349,349,7f6b59cf4ffa8479904b60fae1e225371c6b06691d683a3d1992fba223df671d,,,csv:7f6b59cf4ffa8479904b60fae1e225371c6b06691d683a3d1992fba223df671d:349,,False,1,1,10.5,2026-07,16층 이상,2026-07 / 16층 이상,887
매교역푸르지오SKVIEW,41115,수원시 팔달구,매교동,300,2026,07,11,2026-07-11,107500,84.97,84타입,6.0,2023,중개거래,,,아파트(매매)_실거래가_20260906192340.csv,329,329,7f6b59cf4ffa8479904b60fae1e225371c6b06691d683a3d1992fba223df671d,,,csv:7f6b59cf4ffa8479904b60fae1e225371c6b06691d683a3d1992fba223df671d:329,,False,1,1,10.75,2026-07,6–15층,2026-07 / 6–15층,888
매교역푸르지오SKVIEW,41115,수원시 팔달구,매교동,300,2026,07,13,2026-07-13,89500,84.97,84타입,1.0,2023,중개거래,,,아파트(매매)_실거래가_20260906192340.csv,312,312,7f6b59cf4ffa8479904b60fae1e225371c6b06691d683a3d1992fba223df671d,105,26.08.24,csv:7f6b59cf4ffa8479904b60fae1e225371c6b06691d683a3d1992fba223df671d:312,,False,1,1,8.95,2026-07,1–5층,2026-07 / 1–5층,890
매교역푸르지오SKVIEW,41115,수원시 팔달구,매교동,300,2026,07,13,2026-07-13,103400,84.97,84타입,14.0,2023,중개거래,,,아파트(매매)_실거래가_20260906192340.csv,313,313,7f6b59cf4ffa8479904b60fae1e225371c6b06691d683a3d1992fba223df671d,,,csv:7f6b59cf4ffa8479904b60fae1e225371c6b06691d683a3d1992fba223df671d:313,,False,1,1,10.34,2026-07,6–15층,2026-07 / 6–15층,890
수원센트럴아이파크자이,41115,수원시 팔달구,인계동,1173,2026,07,14,2026-07-14,90000,84.99,84타입,7.0,2024,중개거래,,,아파트(매매)_실거래가_20260906192340.csv,303,303,7f6b59cf4ffa8479904b60fae1e225371c6b06691d683a3d1992fba223df671d,,,csv:7f6b59cf4ffa8479904b60fae1e225371c6b06691d683a3d1992fba223df671d:303,,False,1,0,9.0,2026-07,6–15층,2026-07 / 6–15층,891
수원센트럴아이파크자이,41115,수원시 팔달구,인계동,1173,2026,07,14,2026-07-14,94300,84.99,84타입,9.0,2024,중개거래,,,아파트(매매)_실거래가_20260906192340.csv,302,302,7f6b59cf4ffa8479904b60fae1e225371c6b06691d683a3d1992fba223df671d,,,csv:7f6b59cf4ffa8479904b60fae1e225371c6b06691d683a3d1992fba223df671d:302,,False,1,0,9.43,2026-07,6–15층,2026-07 / 6–15층,891
수원센트럴아이파크자이,41115,수원시 팔달구,인계동,1173,2026,07,21,2026-07-21,90000,84.99,84타입,2.0,2024,중개거래,,,아파트(매매)_실거래가_20260906192340.csv,245,245,7f6b59cf4ffa8479904b60fae1e225371c6b06691d683a3d1992fba223df671d,,,csv:7f6b59cf4ffa8479904b60fae1e225371c6b06691d683a3d1992fba223df671d:245,,False,1,0,9.0,2026-07,1–5층,2026-07 / 1–5층,898
매교역푸르지오SKVIEW,41115,수원시 팔달구,매교동,300,2026,07,23,2026-07-23,104000,84.97,84타입,12.0,2023,중개거래,,,아파트(매매)_실거래가_20260906192340.csv,235,235,7f6b59cf4ffa8479904b60fae1e225371c6b06691d683a3d1992fba223df671d,,,csv:7f6b59cf4ffa8479904b60fae1e225371c6b06691d683a3d1992fba223df671d:235,,False,1,1,10.4,2026-07,6–15층,2026-07 / 6–15층,900
매교역푸르지오SKVIEW,41115,수원시 팔달구,매교동,300,2026,07,23,2026-07-23,104000,84.97,84타입,20.0,2023,중개거래,,,아파트(매매)_실거래가_20260906192340.csv,233,233,7f6b59cf4ffa8479904b60fae1e225371c6b06691d683a3d1992fba223df671d,,,csv:7f6b59cf4ffa8479904b60fae1e225371c6b06691d683a3d1992fba223df671d:233,,False,1,1,10.4,2026-07,16층 이상,2026-07 / 16층 이상,900
수원센트럴아이파크자이,41115,수원시 팔달구,인계동,1173,2026,07,23,2026-07-23,87000,84.99,84타입,3.0,2024,중개거래,,,아파트(매매)_실거래가_20260906192340.csv,230,230,7f6b59cf4ffa8479904b60fae1e225371c6b06691d683a3d1992fba223df671d,,,csv:7f6b59cf4ffa8479904b60fae1e225371c6b06691d683a3d1992fba223df671d:230,,False,1,0,8.7,2026-07,1–5층,2026-07 / 1–5층,900
매교역푸르지오SKVIEW,41115,수원시 팔달구,매교동,300,2026,07,24,2026-07-24,111000,84.97,84타입,8.0,2023,중개거래,,,아파트(매매)_실거래가_20260906192340.csv,220,220,7f6b59cf4ffa8479904b60fae1e225371c6b06691d683a3d1992fba223df671d,,,csv:7f6b59cf4ffa8479904b60fae1e225371c6b06691d683a3d1992fba223df671d:220,,False,1,1,11.1,2026-07,6–15층,2026-07 / 6–15층,901
수원센트럴아이파크자이,41115,수원시 팔달구,인계동,1173,2026,07,28,2026-07-28,99000,84.99,84타입,19.0,2024,중개거래,,,아파트(매매)_실거래가_20260906192340.csv,186,186,7f6b59cf4ffa8479904b60fae1e225371c6b06691d683a3d1992fba223df671d,,,csv:7f6b59cf4ffa8479904b60fae1e225371c6b06691d683a3d1992fba223df671d:186,,False,1,0,9.9,2026-07,16층 이상,2026-07 / 16층 이상,905
수원센트럴아이파크자이,41115,수원시 팔달구,인계동,1173,2026,07,31,2026-07-31,90000,84.99,84타입,6.0,2024,중개거래,,,아파트(매매)_실거래가_20260906192340.csv,164,164,7f6b59cf4ffa8479904b60fae1e225371c6b06691d683a3d1992fba223df671d,,,csv:7f6b59cf4ffa8479904b60fae1e225371c6b06691d683a3d1992fba223df671d:164,,False,1,0,9.0,2026-07,6–15층,2026-07 / 6–15층,908
수원센트럴아이파크자이,41115,수원시 팔달구,인계동,1173,2026,07,31,2026-07-31,95000,84.99,84타입,18.0,2024,중개거래,,,아파트(매매)_실거래가_20260906192340.csv,169,169,7f6b59cf4ffa8479904b60fae1e225371c6b06691d683a3d1992fba223df671d,,,csv:7f6b59cf4ffa8479904b60fae1e225371c6b06691d683a3d1992fba223df671d:169,,False,1,0,9.5,2026-07,16층 이상,2026-07 / 16층 이상,908
수원센트럴아이파크자이,41115,수원시 팔달구,인계동,1173,2026,08,06,2026-08-06,89800,84.99,84타입,19.0,2024,중개거래,,,아파트(매매)_실거래가_20260906192340.csv,135,135,7f6b59cf4ffa8479904b60fae1e225371c6b06691d683a3d1992fba223df671d,,,csv:7f6b59cf4ffa8479904b60fae1e225371c6b06691d683a3d1992fba223df671d:135,,False,1,0,8.98,2026-08,16층 이상,2026-08 / 16층 이상,914
수원센트럴아이파크자이,41115,수원시 팔달구,인계동,1173,2026,08,08,2026-08-08,94500,84.99,84타입,18.0,2024,중개거래,,,아파트(매매)_실거래가_20260906192340.csv,118,118,7f6b59cf4ffa8479904b60fae1e225371c6b06691d683a3d1992fba223df671d,,,csv:7f6b59cf4ffa8479904b60fae1e225371c6b06691d683a3d1992fba223df671d:118,,False,1,0,9.45,2026-08,16층 이상,2026-08 / 16층 이상,916
매교역푸르지오SKVIEW,41115,수원시 팔달구,매교동,300,2026,08,11,2026-08-11,110000,84.97,84타입,9.0,2023,중개거래,,,아파트(매매)_실거래가_20260906192340.csv,91,91,7f6b59cf4ffa8479904b60fae1e225371c6b06691d683a3d1992fba223df671d,,,csv:7f6b59cf4ffa8479904b60fae1e225371c6b06691d683a3d1992fba223df671d:91,,False,1,1,11.0,2026-08,6–15층,2026-08 / 6–15층,919
매교역푸르지오SKVIEW,41115,수원시 팔달구,매교동,300,2026,08,11,2026-08-11,114000,84.97,84타입,9.0,2023,중개거래,,,아파트(매매)_실거래가_20260906192340.csv,89,89,7f6b59cf4ffa8479904b60fae1e225371c6b06691d683a3d1992fba223df671d,,,csv:7f6b59cf4ffa8479904b60fae1e225371c6b06691d683a3d1992fba223df671d:89,,False,1,1,11.4,2026-08,6–15층,2026-08 / 6–15층,919
수원센트럴아이파크자이,41115,수원시 팔달구,인계동,1173,2026,08,11,2026-08-11,94000,84.99,84타입,12.0,2024,중개거래,,,아파트(매매)_실거래가_20260906192340.csv,94,94,7f6b59cf4ffa8479904b60fae1e225371c6b06691d683a3d1992fba223df671d,,,csv:7f6b59cf4ffa8479904b60fae1e225371c6b06691d683a3d1992fba223df671d:94,,False,1,0,9.4,2026-08,6–15층,2026-08 / 6–15층,919
매교역푸르지오SKVIEW,41115,수원시 팔달구,매교동,300,2026,08,13,2026-08-13,108500,84.97,84타입,4.0,2023,중개거래,,,아파트(매매)_실거래가_20260906192340.csv,76,76,7f6b59cf4ffa8479904b60fae1e225371c6b06691d683a3d1992fba223df671d,,,csv:7f6b59cf4ffa8479904b60fae1e225371c6b06691d683a3d1992fba223df671d:76,,False,1,1,10.85,2026-08,1–5층,2026-08 / 1–5층,921
수원센트럴아이파크자이,41115,수원시 팔달구,인계동,1173,2026,08,13,2026-08-13,85000,84.99,84타입,1.0,2024,중개거래,,,아파트(매매)_실거래가_20260906192340.csv,75,75,7f6b59cf4ffa8479904b60fae1e225371c6b06691d683a3d1992fba223df671d,,,csv:7f6b59cf4ffa8479904b60fae1e225371c6b06691d683a3d1992fba223df671d:75,,False,1,0,8.5,2026-08,1–5층,2026-08 / 1–5층,921
수원센트럴아이파크자이,41115,수원시 팔달구,인계동,1173,2026,08,22,2026-08-22,99000,84.99,84타입,9.0,2024,중개거래,,,아파트(매매)_실거래가_20260906192340.csv,27,27,7f6b59cf4ffa8479904b60fae1e225371c6b06691d683a3d1992fba223df671d,,,csv:7f6b59cf4ffa8479904b60fae1e225371c6b06691d683a3d1992fba223df671d:27,,False,1,0,9.9,2026-08,6–15층,2026-08 / 6–15층,930
수원센트럴아이파크자이,41115,수원시 팔달구,인계동,1173,2026,08,25,2026-08-25,88000,84.99,84타입,1.0,2024,중개거래,,,아파트(매매)_실거래가_20260906192340.csv,15,15,7f6b59cf4ffa8479904b60fae1e225371c6b06691d683a3d1992fba223df671d,,,csv:7f6b59cf4ffa8479904b60fae1e225371c6b06691d683a3d1992fba223df671d:15,,False,1,0,8.8,2026-08,1–5층,2026-08 / 1–5층,933
수원센트럴아이파크자이,41115,수원시 팔달구,인계동,1173,2026,08,29,2026-08-29,95500,84.99,84타입,19.0,2024,중개거래,,,아파트(매매)_실거래가_20260906192340.csv,7,7,7f6b59cf4ffa8479904b60fae1e225371c6b06691d683a3d1992fba223df671d,,,csv:7f6b59cf4ffa8479904b60fae1e225371c6b06691d683a3d1992fba223df671d:7,,False,1,0,9.55,2026-08,16층 이상,2026-08 / 16층 이상,937
