id,dealDate,dealYear,dealMonth,dealDay,sggCd,regionName,umdNm,jibun,aptNm,floor,excluUseAr,areaType,dealAmount,buildYear,dealType,updated_at,cdealType,cdealDay,cancelled,duplicate_count,group_cancelled,is_sk,price,month,floor_tier,cell,days
15199,2024-02-04,2024,02,04,41115,수원시 팔달구,매교동,300,매교역푸르지오SKVIEW,10.0,84.97,84타입,90000,2023,중개거래,2026-09-06 10:26:01,,,False,1,False,1,9.0,2024-02,6–15층,2024-02 / 6–15층,0
15196,2024-02-06,2024,02,06,41115,수원시 팔달구,매교동,300,매교역푸르지오SKVIEW,11.0,84.97,84타입,93000,2023,중개거래,2026-09-06 10:26:01,,,False,1,False,1,9.3,2024-02,6–15층,2024-02 / 6–15층,2
15152,2024-04-07,2024,04,07,41115,수원시 팔달구,매교동,300,매교역푸르지오SKVIEW,16.0,84.97,84타입,95000,2023,중개거래,2026-09-06 10:26:01,,,False,1,False,1,9.5,2024-04,16층 이상,2024-04 / 16층 이상,63
15139,2024-04-13,2024,04,13,41115,수원시 팔달구,매교동,300,매교역푸르지오SKVIEW,8.0,84.97,84타입,93000,2023,중개거래,2026-09-06 10:26:01,,,False,1,False,1,9.3,2024-04,6–15층,2024-04 / 6–15층,69
15132,2024-04-26,2024,04,26,41115,수원시 팔달구,매교동,300,매교역푸르지오SKVIEW,3.0,84.97,84타입,88800,2023,중개거래,2026-09-06 10:26:01,,,False,1,False,1,8.88,2024-04,1–5층,2024-04 / 1–5층,82
15128,2024-05-07,2024,05,07,41115,수원시 팔달구,매교동,300,매교역푸르지오SKVIEW,11.0,84.97,84타입,95000,2023,중개거래,2026-09-06 10:26:01,,,False,1,False,1,9.5,2024-05,6–15층,2024-05 / 6–15층,93
15125,2024-05-10,2024,05,10,41115,수원시 팔달구,매교동,300,매교역푸르지오SKVIEW,5.0,84.97,84타입,96700,2023,중개거래,2026-09-06 10:26:01,,,False,1,False,1,9.67,2024-05,1–5층,2024-05 / 1–5층,96
15117,2024-05-17,2024,05,17,41115,수원시 팔달구,매교동,300,매교역푸르지오SKVIEW,4.0,84.97,84타입,91500,2023,중개거래,2026-09-06 10:26:01,,,False,1,False,1,9.15,2024-05,1–5층,2024-05 / 1–5층,103
15096,2024-06-01,2024,06,01,41115,수원시 팔달구,매교동,300,매교역푸르지오SKVIEW,8.0,84.97,84타입,93000,2023,중개거래,2026-09-06 10:26:01,,,False,1,False,1,9.3,2024-06,6–15층,2024-06 / 6–15층,118
15098,2024-06-01,2024,06,01,41115,수원시 팔달구,매교동,300,매교역푸르지오SKVIEW,10.0,84.97,84타입,94000,2023,중개거래,2026-09-06 10:26:01,,,False,1,False,1,9.4,2024-06,6–15층,2024-06 / 6–15층,118
15092,2024-06-06,2024,06,06,41115,수원시 팔달구,매교동,300,매교역푸르지오SKVIEW,14.0,84.97,84타입,89500,2023,중개거래,2026-09-06 10:26:01,,,False,1,False,1,8.95,2024-06,6–15층,2024-06 / 6–15층,123
15088,2024-06-09,2024,06,09,41115,수원시 팔달구,매교동,300,매교역푸르지오SKVIEW,6.0,84.97,84타입,93500,2023,중개거래,2026-09-06 10:26:01,,,False,1,False,1,9.35,2024-06,6–15층,2024-06 / 6–15층,126
15087,2024-06-12,2024,06,12,41115,수원시 팔달구,매교동,300,매교역푸르지오SKVIEW,3.0,84.97,84타입,89800,2023,중개거래,2026-09-06 10:26:01,,,False,1,False,1,8.98,2024-06,1–5층,2024-06 / 1–5층,129
15075,2024-06-20,2024,06,20,41115,수원시 팔달구,매교동,300,매교역푸르지오SKVIEW,14.0,84.97,84타입,94000,2023,중개거래,2026-09-06 10:26:01,,,False,1,False,1,9.4,2024-06,6–15층,2024-06 / 6–15층,137
15071,2024-06-22,2024,06,22,41115,수원시 팔달구,매교동,300,매교역푸르지오SKVIEW,13.0,84.97,84타입,94000,2023,중개거래,2026-09-06 10:26:01,,,False,1,False,1,9.4,2024-06,6–15층,2024-06 / 6–15층,139
15067,2024-06-27,2024,06,27,41115,수원시 팔달구,매교동,300,매교역푸르지오SKVIEW,1.0,84.97,84타입,85000,2023,중개거래,2026-09-06 10:26:01,,,False,1,False,1,8.5,2024-06,1–5층,2024-06 / 1–5층,144
15064,2024-06-28,2024,06,28,41115,수원시 팔달구,매교동,300,매교역푸르지오SKVIEW,12.0,84.97,84타입,95000,2023,중개거래,2026-09-06 10:26:01,,,False,1,False,1,9.5,2024-06,6–15층,2024-06 / 6–15층,145
15040,2024-07-13,2024,07,13,41115,수원시 팔달구,매교동,300,매교역푸르지오SKVIEW,5.0,84.97,84타입,93000,2023,중개거래,2026-09-06 10:26:01,,,False,1,False,1,9.3,2024-07,1–5층,2024-07 / 1–5층,160
15018,2024-07-27,2024,07,27,41115,수원시 팔달구,매교동,300,매교역푸르지오SKVIEW,7.0,84.97,84타입,94500,2023,중개거래,2026-09-06 10:26:01,,,False,1,False,1,9.45,2024-07,6–15층,2024-07 / 6–15층,174
15017,2024-07-27,2024,07,27,41115,수원시 팔달구,매교동,300,매교역푸르지오SKVIEW,10.0,84.97,84타입,95000,2023,중개거래,2026-09-06 10:26:01,,,False,1,False,1,9.5,2024-07,6–15층,2024-07 / 6–15층,174
15008,2024-07-30,2024,07,30,41115,수원시 팔달구,매교동,300,매교역푸르지오SKVIEW,17.0,84.97,84타입,98000,2023,중개거래,2026-09-06 10:26:01,,,False,1,False,1,9.8,2024-07,16층 이상,2024-07 / 16층 이상,177
15004,2024-08-03,2024,08,03,41115,수원시 팔달구,매교동,300,매교역푸르지오SKVIEW,4.0,84.97,84타입,92000,2023,중개거래,2026-09-06 10:26:01,,,False,1,False,1,9.2,2024-08,1–5층,2024-08 / 1–5층,181
14989,2024-08-14,2024,08,14,41115,수원시 팔달구,매교동,300,매교역푸르지오SKVIEW,11.0,84.97,84타입,95000,2023,중개거래,2026-09-06 10:26:01,,,False,1,False,1,9.5,2024-08,6–15층,2024-08 / 6–15층,192
14987,2024-08-15,2024,08,15,41115,수원시 팔달구,매교동,300,매교역푸르지오SKVIEW,10.0,84.97,84타입,96500,2023,중개거래,2026-09-06 10:26:01,,,False,1,False,1,9.65,2024-08,6–15층,2024-08 / 6–15층,193
14983,2024-08-18,2024,08,18,41115,수원시 팔달구,매교동,300,매교역푸르지오SKVIEW,2.0,84.97,84타입,91000,2023,중개거래,2026-09-06 10:26:01,,,False,1,False,1,9.1,2024-08,1–5층,2024-08 / 1–5층,196
14977,2024-08-26,2024,08,26,41115,수원시 팔달구,매교동,300,매교역푸르지오SKVIEW,3.0,84.97,84타입,92700,2023,중개거래,2026-09-06 10:26:01,,,False,1,False,1,9.27,2024-08,1–5층,2024-08 / 1–5층,204
14967,2024-08-31,2024,08,31,41115,수원시 팔달구,매교동,300,매교역푸르지오SKVIEW,10.0,84.97,84타입,99000,2023,중개거래,2026-09-06 10:26:01,,,False,1,False,1,9.9,2024-08,6–15층,2024-08 / 6–15층,209
14957,2024-09-08,2024,09,08,41115,수원시 팔달구,매교동,300,매교역푸르지오SKVIEW,17.0,84.97,84타입,97000,2023,중개거래,2026-09-06 10:26:01,,,False,1,False,1,9.7,2024-09,16층 이상,2024-09 / 16층 이상,217
14941,2024-09-30,2024,09,30,41115,수원시 팔달구,매교동,300,매교역푸르지오SKVIEW,5.0,84.97,84타입,90000,2023,중개거래,2026-09-06 10:26:01,,,False,1,False,1,9.0,2024-09,1–5층,2024-09 / 1–5층,239
14937,2024-10-04,2024,10,04,41115,수원시 팔달구,매교동,300,매교역푸르지오SKVIEW,15.0,84.97,84타입,98000,2023,중개거래,2026-09-06 10:26:01,,,False,1,False,1,9.8,2024-10,6–15층,2024-10 / 6–15층,243
14916,2024-10-19,2024,10,19,41115,수원시 팔달구,매교동,300,매교역푸르지오SKVIEW,5.0,84.97,84타입,94500,2023,중개거래,2026-09-06 10:26:01,,,False,1,False,1,9.45,2024-10,1–5층,2024-10 / 1–5층,258
14903,2024-11-02,2024,11,02,41115,수원시 팔달구,매교동,300,매교역푸르지오SKVIEW,15.0,84.97,84타입,97900,2023,중개거래,2026-09-06 10:26:01,,,False,1,False,1,9.79,2024-11,6–15층,2024-11 / 6–15층,272
14898,2024-11-09,2024,11,09,41115,수원시 팔달구,매교동,300,매교역푸르지오SKVIEW,10.0,84.97,84타입,96500,2023,중개거래,2026-09-06 10:26:01,,,False,1,False,1,9.65,2024-11,6–15층,2024-11 / 6–15층,279
14885,2024-11-21,2024,11,21,41115,수원시 팔달구,매교동,300,매교역푸르지오SKVIEW,7.0,84.97,84타입,94500,2023,중개거래,2026-09-06 10:26:01,,,False,1,False,1,9.45,2024-11,6–15층,2024-11 / 6–15층,291
15755,2025-02-16,2025,02,16,41115,수원시 팔달구,매교동,300,매교역푸르지오SKVIEW,13.0,84.97,84타입,90000,2023,중개거래,2026-09-06 10:26:01,,,False,1,False,1,9.0,2025-02,6–15층,2025-02 / 6–15층,378
15751,2025-02-22,2025,02,22,41115,수원시 팔달구,매교동,300,매교역푸르지오SKVIEW,17.0,84.97,84타입,87500,2023,중개거래,2026-09-06 10:26:01,,,False,1,False,1,8.75,2025-02,16층 이상,2025-02 / 16층 이상,384
15749,2025-02-27,2025,02,27,41115,수원시 팔달구,매교동,300,매교역푸르지오SKVIEW,4.0,84.97,84타입,90000,2023,중개거래,2026-09-06 10:26:01,,,False,1,False,1,9.0,2025-02,1–5층,2025-02 / 1–5층,389
15746,2025-03-01,2025,03,01,41115,수원시 팔달구,매교동,300,매교역푸르지오SKVIEW,15.0,84.97,84타입,93500,2023,중개거래,2026-09-06 10:26:01,,,False,1,False,1,9.35,2025-03,6–15층,2025-03 / 6–15층,391
15744,2025-03-03,2025,03,03,41115,수원시 팔달구,매교동,300,매교역푸르지오SKVIEW,9.0,84.97,84타입,96500,2023,중개거래,2026-09-06 10:26:01,,,False,1,False,1,9.65,2025-03,6–15층,2025-03 / 6–15층,393
15741,2025-03-06,2025,03,06,41115,수원시 팔달구,매교동,300,매교역푸르지오SKVIEW,8.0,84.97,84타입,98200,2023,중개거래,2026-09-06 10:26:01,,,False,1,False,1,9.82,2025-03,6–15층,2025-03 / 6–15층,396
15732,2025-03-10,2025,03,10,41115,수원시 팔달구,인계동,1173,수원센트럴아이파크자이,7.0,84.99,84타입,85000,2024,중개거래,2026-09-06 10:26:01,,,False,1,False,0,8.5,2025-03,6–15층,2025-03 / 6–15층,400
15700,2025-03-29,2025,03,29,41115,수원시 팔달구,매교동,300,매교역푸르지오SKVIEW,12.0,84.97,84타입,94000,2023,중개거래,2026-09-06 10:26:01,,,False,1,False,1,9.4,2025-03,6–15층,2025-03 / 6–15층,419
15691,2025-04-01,2025,04,01,41115,수원시 팔달구,매교동,300,매교역푸르지오SKVIEW,1.0,84.97,84타입,89000,2023,중개거래,2026-09-06 10:26:01,,,False,1,False,1,8.9,2025-04,1–5층,2025-04 / 1–5층,422
15684,2025-04-05,2025,04,05,41115,수원시 팔달구,매교동,300,매교역푸르지오SKVIEW,7.0,84.97,84타입,92000,2023,중개거래,2026-09-06 10:26:01,,,False,1,False,1,9.2,2025-04,6–15층,2025-04 / 6–15층,426
15672,2025-04-16,2025,04,16,41115,수원시 팔달구,인계동,1173,수원센트럴아이파크자이,19.0,84.99,84타입,89000,2024,중개거래,2026-09-06 10:26:01,,,False,1,False,0,8.9,2025-04,16층 이상,2025-04 / 16층 이상,437
15659,2025-04-25,2025,04,25,41115,수원시 팔달구,매교동,300,매교역푸르지오SKVIEW,17.0,84.97,84타입,92700,2023,중개거래,2026-09-06 10:26:01,,,False,1,False,1,9.27,2025-04,16층 이상,2025-04 / 16층 이상,446
15654,2025-04-28,2025,04,28,41115,수원시 팔달구,매교동,300,매교역푸르지오SKVIEW,9.0,84.97,84타입,93000,2023,중개거래,2026-09-06 10:26:01,,,False,1,False,1,9.3,2025-04,6–15층,2025-04 / 6–15층,449
15635,2025-05-10,2025,05,10,41115,수원시 팔달구,매교동,300,매교역푸르지오SKVIEW,2.0,84.97,84타입,86000,2023,중개거래,2026-09-06 10:26:01,,,False,1,False,1,8.6,2025-05,1–5층,2025-05 / 1–5층,461
15629,2025-05-16,2025,05,16,41115,수원시 팔달구,매교동,300,매교역푸르지오SKVIEW,12.0,84.97,84타입,93300,2023,중개거래,2026-09-06 10:26:01,,,False,1,False,1,9.33,2025-05,6–15층,2025-05 / 6–15층,467
15628,2025-05-17,2025,05,17,41115,수원시 팔달구,매교동,300,매교역푸르지오SKVIEW,20.0,84.97,84타입,92000,2023,중개거래,2026-09-06 10:26:01,,,False,1,False,1,9.2,2025-05,16층 이상,2025-05 / 16층 이상,468
15625,2025-05-19,2025,05,19,41115,수원시 팔달구,매교동,300,매교역푸르지오SKVIEW,4.0,84.97,84타입,90000,2023,중개거래,2026-09-06 10:26:01,,,False,1,False,1,9.0,2025-05,1–5층,2025-05 / 1–5층,470
15623,2025-05-21,2025,05,21,41115,수원시 팔달구,매교동,300,매교역푸르지오SKVIEW,2.0,84.97,84타입,91000,2023,중개거래,2026-09-06 10:26:01,,,False,1,False,1,9.1,2025-05,1–5층,2025-05 / 1–5층,472
15609,2025-05-31,2025,05,31,41115,수원시 팔달구,인계동,1173,수원센트럴아이파크자이,12.0,84.99,84타입,88000,2024,중개거래,2026-09-06 10:26:01,,,False,1,False,0,8.8,2025-05,6–15층,2025-05 / 6–15층,482
15600,2025-06-03,2025,06,03,41115,수원시 팔달구,매교동,300,매교역푸르지오SKVIEW,14.0,84.97,84타입,93100,2023,중개거래,2026-09-06 10:26:01,,,False,1,False,1,9.31,2025-06,6–15층,2025-06 / 6–15층,485
15584,2025-06-10,2025,06,10,41115,수원시 팔달구,인계동,1173,수원센트럴아이파크자이,8.0,84.99,84타입,92000,2024,중개거래,2026-09-06 10:26:01,,,False,1,False,0,9.2,2025-06,6–15층,2025-06 / 6–15층,492
15578,2025-06-12,2025,06,12,41115,수원시 팔달구,매교동,300,매교역푸르지오SKVIEW,13.0,84.97,84타입,93700,2023,중개거래,2026-09-06 10:26:01,,,False,1,False,1,9.37,2025-06,6–15층,2025-06 / 6–15층,494
15569,2025-06-15,2025,06,15,41115,수원시 팔달구,매교동,300,매교역푸르지오SKVIEW,15.0,84.97,84타입,94000,2023,중개거래,2026-09-06 10:26:01,,,False,1,False,1,9.4,2025-06,6–15층,2025-06 / 6–15층,497
15560,2025-06-17,2025,06,17,41115,수원시 팔달구,매교동,300,매교역푸르지오SKVIEW,3.0,84.97,84타입,87000,2023,중개거래,2026-09-06 10:26:01,,,False,1,False,1,8.7,2025-06,1–5층,2025-06 / 1–5층,499
15554,2025-06-20,2025,06,20,41115,수원시 팔달구,매교동,300,매교역푸르지오SKVIEW,3.0,84.97,84타입,87800,2023,중개거래,2026-09-06 10:26:01,,,False,1,False,1,8.78,2025-06,1–5층,2025-06 / 1–5층,502
15550,2025-06-21,2025,06,21,41115,수원시 팔달구,매교동,300,매교역푸르지오SKVIEW,4.0,84.97,84타입,87800,2023,중개거래,2026-09-06 10:26:01,,,False,1,False,1,8.78,2025-06,1–5층,2025-06 / 1–5층,503
15549,2025-06-22,2025,06,22,41115,수원시 팔달구,인계동,1173,수원센트럴아이파크자이,11.0,84.99,84타입,86500,2024,중개거래,2026-09-06 10:26:01,,,False,1,False,0,8.65,2025-06,6–15층,2025-06 / 6–15층,504
15541,2025-06-24,2025,06,24,41115,수원시 팔달구,매교동,300,매교역푸르지오SKVIEW,4.0,84.97,84타입,88800,2023,중개거래,2026-09-06 10:26:01,,,False,1,False,1,8.88,2025-06,1–5층,2025-06 / 1–5층,506
15538,2025-06-25,2025,06,25,41115,수원시 팔달구,매교동,300,매교역푸르지오SKVIEW,11.0,84.97,84타입,95000,2023,중개거래,2026-09-06 10:26:01,,,False,1,False,1,9.5,2025-06,6–15층,2025-06 / 6–15층,507
15525,2025-06-28,2025,06,28,41115,수원시 팔달구,매교동,300,매교역푸르지오SKVIEW,10.0,84.97,84타입,93500,2023,중개거래,2026-09-06 10:26:01,,,False,1,False,1,9.35,2025-06,6–15층,2025-06 / 6–15층,510
15514,2025-07-04,2025,07,04,41115,수원시 팔달구,매교동,300,매교역푸르지오SKVIEW,8.0,84.97,84타입,92800,2023,중개거래,2026-09-06 10:26:01,,,False,1,False,1,9.28,2025-07,6–15층,2025-07 / 6–15층,516
15503,2025-07-10,2025,07,10,41115,수원시 팔달구,매교동,300,매교역푸르지오SKVIEW,15.0,84.97,84타입,93500,2023,중개거래,2026-09-06 10:26:01,,,False,1,False,1,9.35,2025-07,6–15층,2025-07 / 6–15층,522
15500,2025-07-12,2025,07,12,41115,수원시 팔달구,매교동,300,매교역푸르지오SKVIEW,13.0,84.97,84타입,92200,2023,중개거래,2026-09-06 10:26:01,,,False,1,False,1,9.22,2025-07,6–15층,2025-07 / 6–15층,524
15491,2025-07-15,2025,07,15,41115,수원시 팔달구,매교동,300,매교역푸르지오SKVIEW,8.0,84.97,84타입,93000,2023,중개거래,2026-09-06 10:26:01,,,False,1,False,1,9.3,2025-07,6–15층,2025-07 / 6–15층,527
15473,2025-07-31,2025,07,31,41115,수원시 팔달구,인계동,1173,수원센트럴아이파크자이,15.0,84.99,84타입,77700,2024,직거래,2026-09-06 10:26:01,,,False,1,False,0,7.77,2025-07,6–15층,2025-07 / 6–15층,543
15464,2025-08-09,2025,08,09,41115,수원시 팔달구,인계동,1173,수원센트럴아이파크자이,4.0,84.99,84타입,85000,2024,중개거래,2026-09-06 10:26:01,,,False,1,False,0,8.5,2025-08,1–5층,2025-08 / 1–5층,552
15451,2025-08-20,2025,08,20,41115,수원시 팔달구,매교동,300,매교역푸르지오SKVIEW,4.0,84.97,84타입,90000,2023,중개거래,2026-09-06 10:26:01,,,False,1,False,1,9.0,2025-08,1–5층,2025-08 / 1–5층,563
15450,2025-08-20,2025,08,20,41115,수원시 팔달구,인계동,1173,수원센트럴아이파크자이,3.0,84.99,84타입,84500,2024,중개거래,2026-09-06 10:26:01,,,False,1,False,0,8.45,2025-08,1–5층,2025-08 / 1–5층,563
15447,2025-08-22,2025,08,22,41115,수원시 팔달구,매교동,300,매교역푸르지오SKVIEW,12.0,84.97,84타입,94500,2023,중개거래,2026-09-06 10:26:01,,,False,1,False,1,9.45,2025-08,6–15층,2025-08 / 6–15층,565
15437,2025-08-27,2025,08,27,41115,수원시 팔달구,매교동,300,매교역푸르지오SKVIEW,6.0,84.97,84타입,92500,2023,중개거래,2026-09-06 10:26:01,,,False,1,False,1,9.25,2025-08,6–15층,2025-08 / 6–15층,570
15403,2025-09-19,2025,09,19,41115,수원시 팔달구,인계동,1173,수원센트럴아이파크자이,16.0,84.99,84타입,88300,2024,중개거래,2026-09-06 10:26:01,,,False,1,False,0,8.83,2025-09,16층 이상,2025-09 / 16층 이상,593
15396,2025-09-22,2025,09,22,41115,수원시 팔달구,매교동,300,매교역푸르지오SKVIEW,14.0,84.97,84타입,96000,2023,중개거래,2026-09-06 10:26:01,,,False,1,False,1,9.6,2025-09,6–15층,2025-09 / 6–15층,596
15362,2025-10-03,2025,10,03,41115,수원시 팔달구,인계동,1173,수원센트럴아이파크자이,14.0,84.99,84타입,85000,2024,중개거래,2026-09-06 10:26:01,,,False,1,False,0,8.5,2025-10,6–15층,2025-10 / 6–15층,607
15352,2025-10-11,2025,10,11,41115,수원시 팔달구,매교동,300,매교역푸르지오SKVIEW,4.0,84.97,84타입,96000,2023,중개거래,2026-09-06 10:26:01,,,False,1,False,1,9.6,2025-10,1–5층,2025-10 / 1–5층,615
15353,2025-10-11,2025,10,11,41115,수원시 팔달구,매교동,300,매교역푸르지오SKVIEW,13.0,84.97,84타입,94500,2023,중개거래,2026-09-06 10:26:01,,,False,1,False,1,9.45,2025-10,6–15층,2025-10 / 6–15층,615
15341,2025-10-14,2025,10,14,41115,수원시 팔달구,매교동,300,매교역푸르지오SKVIEW,5.0,84.97,84타입,92500,2023,중개거래,2026-09-06 10:26:01,,,False,1,False,1,9.25,2025-10,1–5층,2025-10 / 1–5층,618
15342,2025-10-14,2025,10,14,41115,수원시 팔달구,매교동,300,매교역푸르지오SKVIEW,17.0,84.97,84타입,95000,2023,중개거래,2026-09-06 10:26:01,,,False,1,False,1,9.5,2025-10,16층 이상,2025-10 / 16층 이상,618
15331,2025-10-15,2025,10,15,41115,수원시 팔달구,매교동,300,매교역푸르지오SKVIEW,10.0,84.97,84타입,93500,2023,중개거래,2026-09-06 10:26:01,,,False,1,False,1,9.35,2025-10,6–15층,2025-10 / 6–15층,619
15333,2025-10-15,2025,10,15,41115,수원시 팔달구,매교동,300,매교역푸르지오SKVIEW,16.0,84.97,84타입,95000,2023,중개거래,2026-09-06 10:26:01,,,False,1,False,1,9.5,2025-10,16층 이상,2025-10 / 16층 이상,619
15323,2025-10-16,2025,10,16,41115,수원시 팔달구,매교동,300,매교역푸르지오SKVIEW,7.0,84.97,84타입,95700,2023,중개거래,2026-09-06 10:26:01,,,False,1,False,1,9.57,2025-10,6–15층,2025-10 / 6–15층,620
15317,2025-10-18,2025,10,18,41115,수원시 팔달구,매교동,300,매교역푸르지오SKVIEW,4.0,84.97,84타입,92300,2023,중개거래,2026-09-06 10:26:01,,,False,1,False,1,9.23,2025-10,1–5층,2025-10 / 1–5층,622
15310,2025-10-31,2025,10,31,41115,수원시 팔달구,매교동,300,매교역푸르지오SKVIEW,7.0,84.97,84타입,99900,2023,중개거래,2026-09-06 10:26:01,,,False,1,False,1,9.99,2025-10,6–15층,2025-10 / 6–15층,635
15305,2025-11-08,2025,11,08,41115,수원시 팔달구,매교동,300,매교역푸르지오SKVIEW,13.0,84.97,84타입,92000,2023,중개거래,2026-09-06 10:26:01,,,False,1,False,1,9.2,2025-11,6–15층,2025-11 / 6–15층,643
15302,2025-11-12,2025,11,12,41115,수원시 팔달구,매교동,300,매교역푸르지오SKVIEW,14.0,84.97,84타입,94500,2023,중개거래,2026-09-06 10:26:01,,,False,1,False,1,9.45,2025-11,6–15층,2025-11 / 6–15층,647
15294,2025-11-22,2025,11,22,41115,수원시 팔달구,인계동,1173,수원센트럴아이파크자이,7.0,84.99,84타입,87500,2024,중개거래,2026-09-06 10:26:01,,,False,1,False,0,8.75,2025-11,6–15층,2025-11 / 6–15층,657
15292,2025-11-24,2025,11,24,41115,수원시 팔달구,인계동,1173,수원센트럴아이파크자이,5.0,84.99,84타입,87500,2024,중개거래,2026-09-06 10:26:01,,,False,1,False,0,8.75,2025-11,1–5층,2025-11 / 1–5층,659
15290,2025-11-26,2025,11,26,41115,수원시 팔달구,매교동,300,매교역푸르지오SKVIEW,12.0,84.97,84타입,93400,2023,중개거래,2026-09-06 10:26:01,,,False,1,False,1,9.34,2025-11,6–15층,2025-11 / 6–15층,661
15287,2025-11-27,2025,11,27,41115,수원시 팔달구,인계동,1173,수원센트럴아이파크자이,11.0,84.99,84타입,84000,2024,중개거래,2026-09-06 10:26:01,,,False,1,False,0,8.4,2025-11,6–15층,2025-11 / 6–15층,662
15286,2025-11-28,2025,11,28,41115,수원시 팔달구,매교동,300,매교역푸르지오SKVIEW,1.0,84.97,84타입,87000,2023,중개거래,2026-09-06 10:26:01,,,False,1,False,1,8.7,2025-11,1–5층,2025-11 / 1–5층,663
15284,2025-11-28,2025,11,28,41115,수원시 팔달구,매교동,300,매교역푸르지오SKVIEW,2.0,84.97,84타입,89000,2023,중개거래,2026-09-06 10:26:01,,,False,1,False,1,8.9,2025-11,1–5층,2025-11 / 1–5층,663
15282,2025-11-29,2025,11,29,41115,수원시 팔달구,매교동,300,매교역푸르지오SKVIEW,14.0,84.97,84타입,95250,2023,중개거래,2026-09-06 10:26:01,,,False,1,False,1,9.525,2025-11,6–15층,2025-11 / 6–15층,664
15271,2025-12-05,2025,12,05,41115,수원시 팔달구,인계동,1173,수원센트럴아이파크자이,16.0,84.99,84타입,87000,2024,중개거래,2026-09-06 10:26:01,,,False,1,False,0,8.7,2025-12,16층 이상,2025-12 / 16층 이상,670
15262,2025-12-10,2025,12,10,41115,수원시 팔달구,매교동,300,매교역푸르지오SKVIEW,13.0,84.97,84타입,93000,2023,중개거래,2026-09-06 10:26:01,,,False,1,False,1,9.3,2025-12,6–15층,2025-12 / 6–15층,675
15256,2025-12-13,2025,12,13,41115,수원시 팔달구,매교동,300,매교역푸르지오SKVIEW,17.0,84.97,84타입,96500,2023,중개거래,2026-09-06 10:26:01,,,False,1,False,1,9.65,2025-12,16층 이상,2025-12 / 16층 이상,678
15257,2025-12-13,2025,12,13,41115,수원시 팔달구,인계동,1173,수원센트럴아이파크자이,18.0,84.99,84타입,93000,2024,중개거래,2026-09-06 10:26:01,,,False,1,False,0,9.3,2025-12,16층 이상,2025-12 / 16층 이상,678
15248,2025-12-17,2025,12,17,41115,수원시 팔달구,인계동,1173,수원센트럴아이파크자이,9.0,84.99,84타입,86500,2024,중개거래,2026-09-06 10:26:01,,,False,1,False,0,8.65,2025-12,6–15층,2025-12 / 6–15층,682
15245,2025-12-19,2025,12,19,41115,수원시 팔달구,매교동,300,매교역푸르지오SKVIEW,11.0,84.97,84타입,95500,2023,중개거래,2026-09-06 10:26:01,,,False,1,False,1,9.55,2025-12,6–15층,2025-12 / 6–15층,684
15235,2025-12-20,2025,12,20,41115,수원시 팔달구,매교동,300,매교역푸르지오SKVIEW,9.0,84.97,84타입,94000,2023,중개거래,2026-09-06 10:26:01,,,False,1,False,1,9.4,2025-12,6–15층,2025-12 / 6–15층,685
15234,2025-12-20,2025,12,20,41115,수원시 팔달구,매교동,300,매교역푸르지오SKVIEW,11.0,84.97,84타입,97000,2023,중개거래,2026-09-06 10:26:01,,,False,1,False,1,9.7,2025-12,6–15층,2025-12 / 6–15층,685
15225,2025-12-26,2025,12,26,41115,수원시 팔달구,매교동,300,매교역푸르지오SKVIEW,6.0,84.97,84타입,94700,2023,중개거래,2026-09-06 10:26:01,,,False,1,False,1,9.47,2025-12,6–15층,2025-12 / 6–15층,691
15221,2025-12-27,2025,12,27,41115,수원시 팔달구,매교동,300,매교역푸르지오SKVIEW,9.0,84.97,84타입,94500,2023,중개거래,2026-09-06 10:26:01,,,False,1,False,1,9.45,2025-12,6–15층,2025-12 / 6–15층,692
16322,2026-01-08,2026,01,08,41115,수원시 팔달구,매교동,300,매교역푸르지오SKVIEW,13.0,84.97,84타입,96000,2023,중개거래,2026-09-06 10:26:01,,,False,2,False,1,9.6,2026-01,6–15층,2026-01 / 6–15층,704
16320,2026-01-09,2026,01,09,41115,수원시 팔달구,매교동,300,매교역푸르지오SKVIEW,6.0,84.97,84타입,95200,2023,중개거래,2026-09-06 10:26:01,,,False,2,False,1,9.52,2026-01,6–15층,2026-01 / 6–15층,705
16315,2026-01-14,2026,01,14,41115,수원시 팔달구,매교동,300,매교역푸르지오SKVIEW,13.0,84.97,84타입,98000,2023,중개거래,2026-09-06 10:26:01,,,False,2,False,1,9.8,2026-01,6–15층,2026-01 / 6–15층,710
16309,2026-01-20,2026,01,20,41115,수원시 팔달구,매교동,300,매교역푸르지오SKVIEW,6.0,84.97,84타입,102500,2023,중개거래,2026-09-06 10:26:01,,,False,2,False,1,10.25,2026-01,6–15층,2026-01 / 6–15층,716
16296,2026-01-29,2026,01,29,41115,수원시 팔달구,매교동,300,매교역푸르지오SKVIEW,3.0,84.97,84타입,91000,2023,중개거래,2026-09-06 10:26:01,,,False,2,False,1,9.1,2026-01,1–5층,2026-01 / 1–5층,725
16293,2026-01-30,2026,01,30,41115,수원시 팔달구,매교동,300,매교역푸르지오SKVIEW,17.0,84.97,84타입,94000,2023,중개거래,2026-09-06 10:26:01,,,False,2,False,1,9.4,2026-01,16층 이상,2026-01 / 16층 이상,726
16290,2026-01-31,2026,01,31,41115,수원시 팔달구,매교동,300,매교역푸르지오SKVIEW,7.0,84.97,84타입,96500,2023,중개거래,2026-09-06 10:26:01,,,False,2,False,1,9.65,2026-01,6–15층,2026-01 / 6–15층,727
16288,2026-02-02,2026,02,02,41115,수원시 팔달구,매교동,300,매교역푸르지오SKVIEW,2.0,84.97,84타입,87000,2023,중개거래,2026-09-06 10:26:01,,,False,2,False,1,8.7,2026-02,1–5층,2026-02 / 1–5층,729
16284,2026-02-03,2026,02,03,41115,수원시 팔달구,매교동,300,매교역푸르지오SKVIEW,6.0,84.97,84타입,94500,2023,중개거래,2026-09-06 10:26:01,,,False,2,False,1,9.45,2026-02,6–15층,2026-02 / 6–15층,730
16279,2026-02-06,2026,02,06,41115,수원시 팔달구,매교동,300,매교역푸르지오SKVIEW,16.0,84.97,84타입,96000,2023,중개거래,2026-09-06 10:26:01,,,False,2,False,1,9.6,2026-02,16층 이상,2026-02 / 16층 이상,733
16268,2026-02-08,2026,02,08,41115,수원시 팔달구,인계동,1173,수원센트럴아이파크자이,8.0,84.99,84타입,85500,2024,중개거래,2026-09-06 10:26:01,,,False,2,False,0,8.55,2026-02,6–15층,2026-02 / 6–15층,735
16266,2026-02-09,2026,02,09,41115,수원시 팔달구,매교동,300,매교역푸르지오SKVIEW,3.0,84.97,84타입,90000,2023,중개거래,2026-09-06 10:26:01,,,False,2,False,1,9.0,2026-02,1–5층,2026-02 / 1–5층,736
16259,2026-02-10,2026,02,10,41115,수원시 팔달구,매교동,300,매교역푸르지오SKVIEW,13.0,84.97,84타입,99000,2023,중개거래,2026-09-06 10:26:01,,,False,2,False,1,9.9,2026-02,6–15층,2026-02 / 6–15층,737
16257,2026-02-11,2026,02,11,41115,수원시 팔달구,인계동,1173,수원센트럴아이파크자이,3.0,84.99,84타입,83000,2024,중개거래,2026-09-06 10:26:01,,,False,2,False,0,8.3,2026-02,1–5층,2026-02 / 1–5층,738
16254,2026-02-12,2026,02,12,41115,수원시 팔달구,매교동,300,매교역푸르지오SKVIEW,2.0,84.97,84타입,91400,2023,중개거래,2026-09-06 10:26:01,,,False,2,False,1,9.14,2026-02,1–5층,2026-02 / 1–5층,739
16252,2026-02-13,2026,02,13,41115,수원시 팔달구,매교동,300,매교역푸르지오SKVIEW,14.0,84.97,84타입,98000,2023,중개거래,2026-09-06 10:26:01,,,False,2,False,1,9.8,2026-02,6–15층,2026-02 / 6–15층,740
16251,2026-02-13,2026,02,13,41115,수원시 팔달구,인계동,1173,수원센트럴아이파크자이,11.0,84.99,84타입,85100,2024,중개거래,2026-09-06 10:26:01,,,False,2,False,0,8.51,2026-02,6–15층,2026-02 / 6–15층,740
16248,2026-02-14,2026,02,14,41115,수원시 팔달구,매교동,300,매교역푸르지오SKVIEW,12.0,84.97,84타입,65100,2023,직거래,2026-09-06 10:26:01,,,False,2,False,1,6.51,2026-02,6–15층,2026-02 / 6–15층,741
16241,2026-02-21,2026,02,21,41115,수원시 팔달구,매교동,300,매교역푸르지오SKVIEW,11.0,84.97,84타입,97500,2023,중개거래,2026-09-06 10:26:01,,,False,2,False,1,9.75,2026-02,6–15층,2026-02 / 6–15층,748
16236,2026-02-23,2026,02,23,41115,수원시 팔달구,매교동,300,매교역푸르지오SKVIEW,2.0,84.97,84타입,92000,2023,중개거래,2026-09-06 10:26:01,,,False,2,False,1,9.2,2026-02,1–5층,2026-02 / 1–5층,750
16235,2026-02-24,2026,02,24,41115,수원시 팔달구,매교동,300,매교역푸르지오SKVIEW,9.0,84.97,84타입,97000,2023,중개거래,2026-09-06 10:26:01,,,False,2,False,1,9.7,2026-02,6–15층,2026-02 / 6–15층,751
16231,2026-02-25,2026,02,25,41115,수원시 팔달구,매교동,300,매교역푸르지오SKVIEW,10.0,84.97,84타입,99500,2023,중개거래,2026-09-06 10:26:01,,,False,2,False,1,9.95,2026-02,6–15층,2026-02 / 6–15층,752
16222,2026-02-27,2026,02,27,41115,수원시 팔달구,매교동,300,매교역푸르지오SKVIEW,6.0,84.97,84타입,99000,2023,중개거래,2026-09-06 10:26:01,,,False,2,False,1,9.9,2026-02,6–15층,2026-02 / 6–15층,754
16224,2026-02-27,2026,02,27,41115,수원시 팔달구,매교동,300,매교역푸르지오SKVIEW,12.0,84.97,84타입,99000,2023,중개거래,2026-09-06 10:26:01,,,False,2,False,1,9.9,2026-02,6–15층,2026-02 / 6–15층,754
16228,2026-02-27,2026,02,27,41115,수원시 팔달구,인계동,1173,수원센트럴아이파크자이,4.0,84.99,84타입,87500,2024,중개거래,2026-09-06 10:26:01,,,False,2,False,0,8.75,2026-02,1–5층,2026-02 / 1–5층,754
16214,2026-03-04,2026,03,04,41115,수원시 팔달구,인계동,1173,수원센트럴아이파크자이,11.0,84.99,84타입,87000,2024,중개거래,2026-09-06 10:26:01,,,False,2,False,0,8.7,2026-03,6–15층,2026-03 / 6–15층,759
16212,2026-03-05,2026,03,05,41115,수원시 팔달구,매교동,300,매교역푸르지오SKVIEW,1.0,84.97,84타입,88000,2023,중개거래,2026-09-06 10:26:01,,,False,2,False,1,8.8,2026-03,1–5층,2026-03 / 1–5층,760
16210,2026-03-06,2026,03,06,41115,수원시 팔달구,매교동,300,매교역푸르지오SKVIEW,5.0,84.97,84타입,96300,2023,중개거래,2026-09-06 10:26:01,,,False,2,False,1,9.63,2026-03,1–5층,2026-03 / 1–5층,761
16208,2026-03-07,2026,03,07,41115,수원시 팔달구,인계동,1173,수원센트럴아이파크자이,1.0,84.99,84타입,82500,2024,중개거래,2026-09-06 10:26:01,,,False,2,False,0,8.25,2026-03,1–5층,2026-03 / 1–5층,762
16207,2026-03-07,2026,03,07,41115,수원시 팔달구,인계동,1173,수원센트럴아이파크자이,8.0,84.99,84타입,90000,2024,중개거래,2026-09-06 10:26:01,,,False,2,False,0,9.0,2026-03,6–15층,2026-03 / 6–15층,762
16199,2026-03-13,2026,03,13,41115,수원시 팔달구,매교동,300,매교역푸르지오SKVIEW,11.0,84.97,84타입,96000,2023,중개거래,2026-09-06 10:26:01,,,False,2,False,1,9.6,2026-03,6–15층,2026-03 / 6–15층,768
16190,2026-03-17,2026,03,17,41115,수원시 팔달구,매교동,300,매교역푸르지오SKVIEW,12.0,84.97,84타입,104000,2023,중개거래,2026-09-06 10:26:01,,,False,2,False,1,10.4,2026-03,6–15층,2026-03 / 6–15층,772
16189,2026-03-18,2026,03,18,41115,수원시 팔달구,매교동,300,매교역푸르지오SKVIEW,11.0,84.97,84타입,99000,2023,중개거래,2026-09-06 10:26:01,,,False,2,False,1,9.9,2026-03,6–15층,2026-03 / 6–15층,773
16172,2026-03-25,2026,03,25,41115,수원시 팔달구,매교동,300,매교역푸르지오SKVIEW,16.0,84.97,84타입,96000,2023,중개거래,2026-09-06 10:26:01,,,False,2,False,1,9.6,2026-03,16층 이상,2026-03 / 16층 이상,780
16161,2026-03-28,2026,03,28,41115,수원시 팔달구,매교동,300,매교역푸르지오SKVIEW,8.0,84.97,84타입,99500,2023,중개거래,2026-09-06 10:26:01,,,False,2,False,1,9.95,2026-03,6–15층,2026-03 / 6–15층,783
16159,2026-03-29,2026,03,29,41115,수원시 팔달구,매교동,300,매교역푸르지오SKVIEW,13.0,84.97,84타입,98300,2023,중개거래,2026-09-06 10:26:01,,,False,2,False,1,9.83,2026-03,6–15층,2026-03 / 6–15층,784
16156,2026-03-30,2026,03,30,41115,수원시 팔달구,매교동,300,매교역푸르지오SKVIEW,13.0,84.97,84타입,102500,2023,중개거래,2026-09-06 10:26:01,,,False,2,False,1,10.25,2026-03,6–15층,2026-03 / 6–15층,785
16153,2026-03-31,2026,03,31,41115,수원시 팔달구,매교동,300,매교역푸르지오SKVIEW,15.0,84.97,84타입,98000,2023,중개거래,2026-09-06 10:26:01,,,False,2,False,1,9.8,2026-03,6–15층,2026-03 / 6–15층,786
16130,2026-04-09,2026,04,09,41115,수원시 팔달구,매교동,300,매교역푸르지오SKVIEW,7.0,84.97,84타입,99000,2023,중개거래,2026-09-06 10:26:01,,,False,2,False,1,9.9,2026-04,6–15층,2026-04 / 6–15층,795
16123,2026-04-11,2026,04,11,41115,수원시 팔달구,매교동,300,매교역푸르지오SKVIEW,5.0,84.97,84타입,96800,2023,중개거래,2026-09-06 10:26:01,,,False,2,False,1,9.68,2026-04,1–5층,2026-04 / 1–5층,797
16126,2026-04-11,2026,04,11,41115,수원시 팔달구,인계동,1173,수원센트럴아이파크자이,19.0,84.99,84타입,89000,2024,중개거래,2026-09-06 10:26:01,,,False,2,False,0,8.9,2026-04,16층 이상,2026-04 / 16층 이상,797
16113,2026-04-15,2026,04,15,41115,수원시 팔달구,인계동,1173,수원센트럴아이파크자이,16.0,84.99,84타입,89000,2024,중개거래,2026-09-06 10:26:01,,,False,2,False,0,8.9,2026-04,16층 이상,2026-04 / 16층 이상,801
16107,2026-04-16,2026,04,16,41115,수원시 팔달구,매교동,300,매교역푸르지오SKVIEW,3.0,84.97,84타입,94000,2023,중개거래,2026-09-06 10:26:01,,,False,2,False,1,9.4,2026-04,1–5층,2026-04 / 1–5층,802
16095,2026-04-21,2026,04,21,41115,수원시 팔달구,인계동,1173,수원센트럴아이파크자이,5.0,84.99,84타입,65000,2024,중개거래,2026-09-06 10:26:01,,,False,2,False,0,6.5,2026-04,1–5층,2026-04 / 1–5층,807
16073,2026-04-29,2026,04,29,41115,수원시 팔달구,매교동,300,매교역푸르지오SKVIEW,14.0,84.97,84타입,105000,2023,중개거래,2026-09-06 10:26:01,,,False,2,False,1,10.5,2026-04,6–15층,2026-04 / 6–15층,815
16061,2026-05-01,2026,05,01,41115,수원시 팔달구,인계동,1173,수원센트럴아이파크자이,3.0,84.99,84타입,84300,2024,중개거래,2026-09-06 10:26:01,,,False,2,False,0,8.43,2026-05,1–5층,2026-05 / 1–5층,817
16057,2026-05-02,2026,05,02,41115,수원시 팔달구,매교동,300,매교역푸르지오SKVIEW,8.0,84.97,84타입,95500,2023,중개거래,2026-09-06 10:26:01,,,False,2,False,1,9.55,2026-05,6–15층,2026-05 / 6–15층,818
16056,2026-05-02,2026,05,02,41115,수원시 팔달구,매교동,300,매교역푸르지오SKVIEW,16.0,84.97,84타입,98800,2023,중개거래,2026-09-06 10:26:01,,,False,2,False,1,9.88,2026-05,16층 이상,2026-05 / 16층 이상,818
16059,2026-05-02,2026,05,02,41115,수원시 팔달구,인계동,1173,수원센트럴아이파크자이,11.0,84.99,84타입,92500,2024,중개거래,2026-09-06 10:26:01,,,False,2,False,0,9.25,2026-05,6–15층,2026-05 / 6–15층,818
16055,2026-05-04,2026,05,04,41115,수원시 팔달구,매교동,300,매교역푸르지오SKVIEW,11.0,84.97,84타입,95000,2023,중개거래,2026-09-06 10:26:01,,,False,2,False,1,9.5,2026-05,6–15층,2026-05 / 6–15층,820
16049,2026-05-05,2026,05,05,41115,수원시 팔달구,매교동,300,매교역푸르지오SKVIEW,6.0,84.97,84타입,98700,2023,중개거래,2026-09-06 10:26:01,,,False,2,False,1,9.87,2026-05,6–15층,2026-05 / 6–15층,821
16038,2026-05-15,2026,05,15,41115,수원시 팔달구,매교동,300,매교역푸르지오SKVIEW,8.0,84.97,84타입,93000,2023,중개거래,2026-09-06 10:26:01,,,False,2,False,1,9.3,2026-05,6–15층,2026-05 / 6–15층,831
16039,2026-05-15,2026,05,15,41115,수원시 팔달구,매교동,300,매교역푸르지오SKVIEW,8.0,84.97,84타입,95800,2023,중개거래,2026-09-06 10:26:01,,,False,2,False,1,9.58,2026-05,6–15층,2026-05 / 6–15층,831
16029,2026-05-22,2026,05,22,41115,수원시 팔달구,인계동,1173,수원센트럴아이파크자이,16.0,84.99,84타입,92000,2024,중개거래,2026-09-06 10:26:01,,,False,2,False,0,9.2,2026-05,16층 이상,2026-05 / 16층 이상,838
16025,2026-05-23,2026,05,23,41115,수원시 팔달구,매교동,300,매교역푸르지오SKVIEW,13.0,84.97,84타입,103000,2023,중개거래,2026-09-06 10:26:01,,,False,2,False,1,10.3,2026-05,6–15층,2026-05 / 6–15층,839
16014,2026-05-27,2026,05,27,41115,수원시 팔달구,매교동,300,매교역푸르지오SKVIEW,4.0,84.97,84타입,96500,2023,중개거래,2026-09-06 10:26:01,,,False,2,False,1,9.65,2026-05,1–5층,2026-05 / 1–5층,843
16015,2026-05-27,2026,05,27,41115,수원시 팔달구,매교동,300,매교역푸르지오SKVIEW,15.0,84.97,84타입,102000,2023,중개거래,2026-09-06 10:26:01,,,False,2,False,1,10.2,2026-05,6–15층,2026-05 / 6–15층,843
16007,2026-05-29,2026,05,29,41115,수원시 팔달구,매교동,300,매교역푸르지오SKVIEW,9.0,84.97,84타입,100500,2023,중개거래,2026-09-06 10:26:01,,,False,2,False,1,10.05,2026-05,6–15층,2026-05 / 6–15층,845
16002,2026-05-30,2026,05,30,41115,수원시 팔달구,매교동,300,매교역푸르지오SKVIEW,9.0,84.97,84타입,98000,2023,중개거래,2026-09-06 10:26:01,,,False,2,False,1,9.8,2026-05,6–15층,2026-05 / 6–15층,846
16001,2026-05-30,2026,05,30,41115,수원시 팔달구,인계동,1173,수원센트럴아이파크자이,12.0,84.99,84타입,90200,2024,중개거래,2026-09-06 10:26:01,,,False,2,False,0,9.02,2026-05,6–15층,2026-05 / 6–15층,846
16000,2026-05-30,2026,05,30,41115,수원시 팔달구,인계동,1173,수원센트럴아이파크자이,15.0,84.99,84타입,87000,2024,중개거래,2026-09-06 10:26:01,,,False,2,False,0,8.7,2026-05,6–15층,2026-05 / 6–15층,846
15985,2026-06-03,2026,06,03,41115,수원시 팔달구,매교동,300,매교역푸르지오SKVIEW,11.0,84.97,84타입,104700,2023,중개거래,2026-09-06 10:26:01,,,False,2,False,1,10.47,2026-06,6–15층,2026-06 / 6–15층,850
15987,2026-06-03,2026,06,03,41115,수원시 팔달구,인계동,1173,수원센트럴아이파크자이,10.0,84.99,84타입,87000,2024,중개거래,2026-09-06 10:26:01,,,False,2,False,0,8.7,2026-06,6–15층,2026-06 / 6–15층,850
15983,2026-06-04,2026,06,04,41115,수원시 팔달구,매교동,300,매교역푸르지오SKVIEW,10.0,84.97,84타입,103000,2023,중개거래,2026-09-06 10:26:01,,,False,2,False,1,10.3,2026-06,6–15층,2026-06 / 6–15층,851
15981,2026-06-05,2026,06,05,41115,수원시 팔달구,인계동,1173,수원센트럴아이파크자이,17.0,84.99,84타입,89900,2024,중개거래,2026-09-06 10:26:01,,,False,2,False,0,8.99,2026-06,16층 이상,2026-06 / 16층 이상,852
15980,2026-06-06,2026,06,06,41115,수원시 팔달구,매교동,300,매교역푸르지오SKVIEW,12.0,84.97,84타입,99000,2023,중개거래,2026-09-06 10:26:01,,,False,2,False,1,9.9,2026-06,6–15층,2026-06 / 6–15층,853
15979,2026-06-06,2026,06,06,41115,수원시 팔달구,인계동,1173,수원센트럴아이파크자이,17.0,84.99,84타입,89000,2024,중개거래,2026-09-06 10:26:01,,,False,2,False,0,8.9,2026-06,16층 이상,2026-06 / 16층 이상,853
15969,2026-06-11,2026,06,11,41115,수원시 팔달구,매교동,300,매교역푸르지오SKVIEW,17.0,84.97,84타입,100000,2023,중개거래,2026-09-06 10:26:01,,,False,2,False,1,10.0,2026-06,16층 이상,2026-06 / 16층 이상,858
15966,2026-06-12,2026,06,12,41115,수원시 팔달구,매교동,300,매교역푸르지오SKVIEW,6.0,84.97,84타입,93000,2023,중개거래,2026-09-06 10:26:01,,,False,2,False,1,9.3,2026-06,6–15층,2026-06 / 6–15층,859
15964,2026-06-13,2026,06,13,41115,수원시 팔달구,매교동,300,매교역푸르지오SKVIEW,5.0,84.97,84타입,96900,2023,중개거래,2026-09-06 10:26:01,,,False,2,False,1,9.69,2026-06,1–5층,2026-06 / 1–5층,860
15962,2026-06-14,2026,06,14,41115,수원시 팔달구,매교동,300,매교역푸르지오SKVIEW,12.0,84.97,84타입,101500,2023,중개거래,2026-09-06 10:26:01,,,False,2,False,1,10.15,2026-06,6–15층,2026-06 / 6–15층,861
15961,2026-06-15,2026,06,15,41115,수원시 팔달구,매교동,300,매교역푸르지오SKVIEW,15.0,84.97,84타입,99000,2023,중개거래,2026-09-06 10:26:01,,,False,2,False,1,9.9,2026-06,6–15층,2026-06 / 6–15층,862
15955,2026-06-18,2026,06,18,41115,수원시 팔달구,매교동,300,매교역푸르지오SKVIEW,9.0,84.97,84타입,99000,2023,중개거래,2026-09-06 10:26:01,,,False,2,False,1,9.9,2026-06,6–15층,2026-06 / 6–15층,865
15952,2026-06-19,2026,06,19,41115,수원시 팔달구,매교동,300,매교역푸르지오SKVIEW,18.0,84.97,84타입,99000,2023,중개거래,2026-09-06 10:26:01,,,False,2,False,1,9.9,2026-06,16층 이상,2026-06 / 16층 이상,866
15943,2026-06-20,2026,06,20,41115,수원시 팔달구,매교동,300,매교역푸르지오SKVIEW,2.0,84.97,84타입,92000,2023,중개거래,2026-09-06 10:26:01,,,False,2,False,1,9.2,2026-06,1–5층,2026-06 / 1–5층,867
15949,2026-06-20,2026,06,20,41115,수원시 팔달구,인계동,1173,수원센트럴아이파크자이,13.0,84.99,84타입,90000,2024,중개거래,2026-09-06 10:26:01,,,False,2,False,0,9.0,2026-06,6–15층,2026-06 / 6–15층,867
15940,2026-06-22,2026,06,22,41115,수원시 팔달구,매교동,300,매교역푸르지오SKVIEW,11.0,84.97,84타입,105000,2023,중개거래,2026-09-06 10:26:01,,,False,2,False,1,10.5,2026-06,6–15층,2026-06 / 6–15층,869
15937,2026-06-24,2026,06,24,41115,수원시 팔달구,매교동,300,매교역푸르지오SKVIEW,7.0,84.97,84타입,105000,2023,중개거래,2026-09-06 10:26:01,,,False,2,False,1,10.5,2026-06,6–15층,2026-06 / 6–15층,871
15933,2026-06-26,2026,06,26,41115,수원시 팔달구,매교동,300,매교역푸르지오SKVIEW,5.0,84.97,84타입,104700,2023,중개거래,2026-09-06 10:26:01,,,False,2,False,1,10.47,2026-06,1–5층,2026-06 / 1–5층,873
15932,2026-06-27,2026,06,27,41115,수원시 팔달구,매교동,300,매교역푸르지오SKVIEW,2.0,84.97,84타입,90000,2023,중개거래,2026-09-06 10:26:01,,,False,2,False,1,9.0,2026-06,1–5층,2026-06 / 1–5층,874
15922,2026-07-01,2026,07,01,41115,수원시 팔달구,매교동,300,매교역푸르지오SKVIEW,14.0,84.97,84타입,107000,2023,중개거래,2026-09-06 10:26:01,,,False,2,False,1,10.7,2026-07,6–15층,2026-07 / 6–15층,878
15920,2026-07-02,2026,07,02,41115,수원시 팔달구,매교동,300,매교역푸르지오SKVIEW,1.0,84.97,84타입,89500,2023,중개거래,2026-09-06 10:26:01,,,False,2,False,1,8.95,2026-07,1–5층,2026-07 / 1–5층,879
15915,2026-07-03,2026,07,03,41115,수원시 팔달구,인계동,1173,수원센트럴아이파크자이,7.0,84.99,84타입,88000,2024,중개거래,2026-09-06 10:26:01,,,False,2,False,0,8.8,2026-07,6–15층,2026-07 / 6–15층,880
15916,2026-07-03,2026,07,03,41115,수원시 팔달구,인계동,1173,수원센트럴아이파크자이,17.0,84.99,84타입,89000,2024,중개거래,2026-09-06 10:26:01,,,False,2,False,0,8.9,2026-07,16층 이상,2026-07 / 16층 이상,880
15912,2026-07-04,2026,07,04,41115,수원시 팔달구,매교동,300,매교역푸르지오SKVIEW,16.0,84.97,84타입,100500,2023,중개거래,2026-09-06 10:26:01,,,False,2,False,1,10.05,2026-07,16층 이상,2026-07 / 16층 이상,881
15910,2026-07-06,2026,07,06,41115,수원시 팔달구,매교동,300,매교역푸르지오SKVIEW,14.0,84.97,84타입,98000,2023,중개거래,2026-09-06 10:26:01,,,False,2,False,1,9.8,2026-07,6–15층,2026-07 / 6–15층,883
15909,2026-07-06,2026,07,06,41115,수원시 팔달구,인계동,1173,수원센트럴아이파크자이,6.0,84.99,84타입,92000,2024,중개거래,2026-09-06 10:26:01,,,False,2,False,0,9.2,2026-07,6–15층,2026-07 / 6–15층,883
15908,2026-07-07,2026,07,07,41115,수원시 팔달구,매교동,300,매교역푸르지오SKVIEW,18.0,84.97,84타입,104000,2023,중개거래,2026-09-06 10:26:01,,,False,2,False,1,10.4,2026-07,16층 이상,2026-07 / 16층 이상,884
15901,2026-07-08,2026,07,08,41115,수원시 팔달구,매교동,300,매교역푸르지오SKVIEW,2.0,84.97,84타입,88700,2023,중개거래,2026-09-06 10:26:01,,,False,2,False,1,8.87,2026-07,1–5층,2026-07 / 1–5층,885
15898,2026-07-10,2026,07,10,41115,수원시 팔달구,매교동,300,매교역푸르지오SKVIEW,16.0,84.97,84타입,105000,2023,중개거래,2026-09-06 10:26:01,,,False,2,False,1,10.5,2026-07,16층 이상,2026-07 / 16층 이상,887
15893,2026-07-11,2026,07,11,41115,수원시 팔달구,매교동,300,매교역푸르지오SKVIEW,6.0,84.97,84타입,107500,2023,중개거래,2026-09-06 10:26:01,,,False,2,False,1,10.75,2026-07,6–15층,2026-07 / 6–15층,888
15887,2026-07-13,2026,07,13,41115,수원시 팔달구,매교동,300,매교역푸르지오SKVIEW,1.0,84.97,84타입,89500,2023,중개거래,2026-09-06 10:26:01,,,False,2,False,1,8.95,2026-07,1–5층,2026-07 / 1–5층,890
15888,2026-07-13,2026,07,13,41115,수원시 팔달구,매교동,300,매교역푸르지오SKVIEW,14.0,84.97,84타입,103400,2023,중개거래,2026-09-06 10:26:01,,,False,2,False,1,10.34,2026-07,6–15층,2026-07 / 6–15층,890
15885,2026-07-14,2026,07,14,41115,수원시 팔달구,인계동,1173,수원센트럴아이파크자이,7.0,84.99,84타입,90000,2024,중개거래,2026-09-06 10:26:01,,,False,2,False,0,9.0,2026-07,6–15층,2026-07 / 6–15층,891
15884,2026-07-14,2026,07,14,41115,수원시 팔달구,인계동,1173,수원센트럴아이파크자이,9.0,84.99,84타입,94300,2024,중개거래,2026-09-06 10:26:01,,,False,2,False,0,9.43,2026-07,6–15층,2026-07 / 6–15층,891
15865,2026-07-21,2026,07,21,41115,수원시 팔달구,인계동,1173,수원센트럴아이파크자이,2.0,84.99,84타입,90000,2024,중개거래,2026-09-06 10:26:01,,,False,2,False,0,9.0,2026-07,1–5층,2026-07 / 1–5층,898
15863,2026-07-23,2026,07,23,41115,수원시 팔달구,매교동,300,매교역푸르지오SKVIEW,12.0,84.97,84타입,104000,2023,중개거래,2026-09-06 10:26:01,,,False,2,False,1,10.4,2026-07,6–15층,2026-07 / 6–15층,900
15861,2026-07-23,2026,07,23,41115,수원시 팔달구,매교동,300,매교역푸르지오SKVIEW,20.0,84.97,84타입,104000,2023,중개거래,2026-09-06 10:26:01,,,False,2,False,1,10.4,2026-07,16층 이상,2026-07 / 16층 이상,900
15860,2026-07-23,2026,07,23,41115,수원시 팔달구,인계동,1173,수원센트럴아이파크자이,3.0,84.99,84타입,87000,2024,중개거래,2026-09-06 10:26:01,,,False,2,False,0,8.7,2026-07,1–5층,2026-07 / 1–5층,900
15859,2026-07-24,2026,07,24,41115,수원시 팔달구,매교동,300,매교역푸르지오SKVIEW,8.0,84.97,84타입,111000,2023,중개거래,2026-09-06 10:26:01,,,False,2,False,1,11.1,2026-07,6–15층,2026-07 / 6–15층,901
15852,2026-07-28,2026,07,28,41115,수원시 팔달구,인계동,1173,수원센트럴아이파크자이,19.0,84.99,84타입,99000,2024,중개거래,2026-09-06 10:26:01,,,False,2,False,0,9.9,2026-07,16층 이상,2026-07 / 16층 이상,905
15848,2026-07-31,2026,07,31,41115,수원시 팔달구,인계동,1173,수원센트럴아이파크자이,6.0,84.99,84타입,90000,2024,중개거래,2026-09-06 10:26:01,,,False,2,False,0,9.0,2026-07,6–15층,2026-07 / 6–15층,908
15850,2026-07-31,2026,07,31,41115,수원시 팔달구,인계동,1173,수원센트럴아이파크자이,18.0,84.99,84타입,95000,2024,중개거래,2026-09-06 10:26:01,,,False,2,False,0,9.5,2026-07,16층 이상,2026-07 / 16층 이상,908
15838,2026-08-06,2026,08,06,41115,수원시 팔달구,인계동,1173,수원센트럴아이파크자이,19.0,84.99,84타입,89800,2024,중개거래,2026-09-06 10:26:01,,,False,2,False,0,8.98,2026-08,16층 이상,2026-08 / 16층 이상,914
15831,2026-08-08,2026,08,08,41115,수원시 팔달구,인계동,1173,수원센트럴아이파크자이,18.0,84.99,84타입,94500,2024,중개거래,2026-09-06 10:26:01,,,False,2,False,0,9.45,2026-08,16층 이상,2026-08 / 16층 이상,916
15820,2026-08-11,2026,08,11,41115,수원시 팔달구,매교동,300,매교역푸르지오SKVIEW,9.0,84.97,84타입,110000,2023,중개거래,2026-09-06 10:26:01,,,False,2,False,1,11.0,2026-08,6–15층,2026-08 / 6–15층,919
15819,2026-08-11,2026,08,11,41115,수원시 팔달구,매교동,300,매교역푸르지오SKVIEW,9.0,84.97,84타입,114000,2023,중개거래,2026-09-06 10:26:01,,,False,2,False,1,11.4,2026-08,6–15층,2026-08 / 6–15층,919
15822,2026-08-11,2026,08,11,41115,수원시 팔달구,인계동,1173,수원센트럴아이파크자이,12.0,84.99,84타입,94000,2024,중개거래,2026-09-06 10:26:01,,,False,2,False,0,9.4,2026-08,6–15층,2026-08 / 6–15층,919
15812,2026-08-13,2026,08,13,41115,수원시 팔달구,매교동,300,매교역푸르지오SKVIEW,4.0,84.97,84타입,108500,2023,중개거래,2026-09-06 10:26:01,,,False,2,False,1,10.85,2026-08,1–5층,2026-08 / 1–5층,921
15811,2026-08-13,2026,08,13,41115,수원시 팔달구,인계동,1173,수원센트럴아이파크자이,1.0,84.99,84타입,85000,2024,중개거래,2026-09-06 10:26:01,,,False,2,False,0,8.5,2026-08,1–5층,2026-08 / 1–5층,921
15797,2026-08-22,2026,08,22,41115,수원시 팔달구,인계동,1173,수원센트럴아이파크자이,9.0,84.99,84타입,99000,2024,중개거래,2026-09-06 10:26:01,,,False,2,False,0,9.9,2026-08,6–15층,2026-08 / 6–15층,930
15792,2026-08-25,2026,08,25,41115,수원시 팔달구,인계동,1173,수원센트럴아이파크자이,1.0,84.99,84타입,88000,2024,중개거래,2026-09-06 10:26:01,,,False,2,False,0,8.8,2026-08,1–5층,2026-08 / 1–5층,933
15791,2026-08-29,2026,08,29,41115,수원시 팔달구,인계동,1173,수원센트럴아이파크자이,19.0,84.99,84타입,95500,2024,중개거래,2026-09-06 10:26:01,,,False,2,False,0,9.55,2026-08,16층 이상,2026-08 / 16층 이상,937
